date,symbol,compound_b,neg_b,neu_b,pos_b,compound_t,neg_t,neu_t,pos_t
2020-09-16,AZN,0.2656,1.184,13.455999999999996,1.3599999999999997,-5.779200000000002,3.2000000000000006,12.800000000000002,0.0
2020-09-17,AZN,27.5072,2.4480000000000004,41.44000000000001,4.095999999999998,7.476799999999999,2.5280000000000005,56.83200000000004,4.624
2020-09-17,JNJ,0.0,0.0,1.0,0.0,-0.836,0.294,0.706,0.0
2020-09-17,MRNA,47.1808,3.375999999999997,133.00799999999992,7.6,-5.027199999999998,6.784000000000002,131.37599999999998,5.823999999999999
2020-09-17,PFE,15.9264,0.11200000000000004,14.288000000000004,1.6159999999999999,5.0912,0.0,13.232,2.7680000000000002
2020-09-18,AZN,-0.08440000000000003,0.16899999999999998,2.667,0.162,-0.5453,0.37000000000000005,2.314,0.316
2020-09-18,JNJ,0.995,0.013,0.813,0.174,0.0,0.0,1.0,0.0
2020-09-18,MRNA,0.9919,0.015,1.892,0.093,0.0,0.0,3.0,0.0
2020-09-18,PFE,2.973,0.11399999999999999,2.5589999999999997,0.32699999999999996,0.0,0.0,3.0,0.0
2020-09-20,MRNA,0.9879,0.063,0.831,0.106,0.0,0.0,1.0,0.0
2020-09-21,AZN,-0.9197999999999998,0.538,7.728999999999999,0.733,-0.24530000000000007,1.195,7.808000000000002,0.9969999999999999
2020-09-21,JNJ,0.0,0.0,0.0,0.0,-0.6705,0.22,0.692,0.088
2020-09-21,MRNA,0.0,0.0,0.0,0.0,-0.3818,0.197,0.662,0.141
2020-09-22,AZN,0.9672,0.033,1.896,0.071,0.8856,0.148,1.369,0.483
2020-09-22,MRNA,0.9868,0.039,1.873,0.088,0.9329,0.0,1.6400000000000001,0.36
2020-09-22,PFE,0.0,0.0,1.0,0.0,0.1027,0.0,0.896,0.104
2020-09-23,AZN,0.8737999999999999,0.051000000000000004,2.794,0.155,0.1764,0.117,2.731,0.151
2020-09-23,JNJ,5.838799999999999,0.135,5.199,0.6669999999999999,0.49829999999999997,0.0,6.798,0.202
2020-09-23,MRNA,0.0,0.0,1.0,0.0,0.3629,0.177,2.567,0.256
2020-09-23,PFE,0.1531,0.032,0.941,0.027,0.3182,0.0,1.887,0.113
2020-09-24,AZN,4.425,0.127,5.437,0.434,-0.13930000000000003,0.56,6.0,0.44
2020-09-24,JNJ,0.9537,0.062,1.823,0.116,-0.3182,0.198,1.658,0.144
2020-09-24,MRNA,0.0,0.0,0.0,0.0,0.4215,0.164,0.571,0.264
2020-09-24,PFE,0.988,0.033,1.891,0.076,0.36569999999999997,0.152,2.612,0.236
2020-09-25,AZN,0.8442,0.042,2.873,0.085,0.6148,0.174,4.565,0.261
2020-09-25,JNJ,0.9925,0.017,1.85,0.133,0.5267,0.0,1.839,0.161
2020-09-25,MRNA,2.9114,0.10200000000000001,2.509,0.389,1.3065,0.0,3.435,0.565
2020-09-26,AZN,0.9676,0.057,0.839,0.104,0.0,0.0,1.0,0.0
2020-09-26,MRNA,0.04180000000000006,0.082,1.746,0.17300000000000001,0.0,0.0,2.0,0.0
2020-09-28,MRNA,0.9413,0.0,0.929,0.071,0.0,0.0,1.0,0.0
2020-09-28,PFE,0.9994,0.061,1.737,0.202,1.963,0.0,1.8119999999999998,1.188
2020-09-29,AZN,1.9721000000000002,0.05,1.7389999999999999,0.21000000000000002,0.0,0.0,2.0,0.0
2020-09-29,MRNA,1.5627,0.073,2.64,0.287,0.6382000000000001,0.108,5.567,0.325
2020-09-29,PFE,1.9361000000000002,0.031,2.8739999999999997,0.095,0.2023,0.0,2.795,0.205
2020-09-30,AZN,0.0,0.0,1.0,0.0,0.0,0.0,1.0,0.0
2020-09-30,JNJ,0.0,0.0,0.0,0.0,0.4019,0.0,0.886,0.114
2020-09-30,MRNA,3.9421,0.24,6.170999999999999,0.588,0.8652,0.0,8.642,0.358
2020-09-30,PFE,-0.7039,0.20199999999999999,3.579,0.21899999999999997,0.128,0.278,3.347,0.375
2020-10-01,AZN,0.6366,0.09699999999999999,2.707,0.196,0.020100000000000007,0.178,2.725,0.097
2020-10-01,MRNA,2.3801,0.094,2.605,0.3,0.9750000000000001,0.0,3.575,0.42500000000000004
2020-10-01,PFE,1.9564,0.062,2.725,0.212,0.045999999999999985,0.192,4.601,0.207
2020-10-02,AZN,0.19399999999999995,0.161,3.6550000000000002,0.184,-0.8891,0.831,4.57,0.5990000000000001
2020-10-05,MRNA,0.25,0.031,0.938,0.031,0.2942000000000001,0.204,1.629,0.167
2020-10-05,PFE,0.0,0.0,1.0,0.0,0.0,0.103,2.794,0.103
2020-10-06,AZN,1.9787,0.005,5.771,0.223,0.2539,0.149,5.523,0.328
2020-10-06,MRNA,0.0,0.0,1.0,0.0,0.0,0.0,1.0,0.0
2020-10-06,PFE,1.9746000000000001,0.032,2.825,0.143,-0.046599999999999975,0.136,2.666,0.198
2020-10-07,AZN,1.9318,0.055,3.739,0.20600000000000002,0.9949,0.065,3.5300000000000002,0.40499999999999997
2020-10-07,JNJ,0.0,0.0,1.0,0.0,0.0,0.0,1.0,0.0
2020-10-07,MRNA,1.6183999999999998,0.096,1.704,0.2,0.4215,0.085,1.692,0.223
2020-10-07,PFE,0.0,0.0,0.0,0.0,0.0,0.0,1.0,0.0
2020-10-08,AZN,0.9787,0.154,2.513,0.334,0.6778,0.0,2.629,0.371
2020-10-08,JNJ,0.8957,0.0,1.925,0.075,0.9453,0.0,2.61,0.38999999999999996
2020-10-08,MRNA,1.3063,0.014,2.8289999999999997,0.157,0.7547999999999999,0.0,4.705,0.295
2020-10-08,PFE,1.8641999999999999,0.064,3.794,0.14200000000000002,1.4872,0.077,3.382,0.5409999999999999
2020-10-09,AZN,0.969,0.027,3.862,0.111,0.7175,0.0,4.829,0.17099999999999999
2020-10-09,MRNA,-0.128,0.077,1.923,0.0,0.2739,0.13,1.717,0.153
2020-10-09,PFE,0.0,0.0,0.0,0.0,0.0,0.0,1.0,0.0
2020-10-11,JNJ,0.9485,0.018,0.927,0.055,0.0,0.0,1.0,0.0
2020-10-11,PFE,0.9902,0.039,0.858,0.103,0.0,0.0,1.0,0.0
2020-10-12,AZN,1.9797,0.022,1.692,0.28600000000000003,0.0,0.0,2.0,0.0
2020-10-12,JNJ,0.4895999999999999,0.165,3.662,0.172,-0.9026000000000001,0.7270000000000001,3.1239999999999997,0.149
2020-10-12,MRNA,1.586,0.109,1.738,0.153,0.7964000000000002,0.213,2.327,0.46
2020-10-12,PFE,-0.4588,0.174,1.826,0.0,-0.128,0.13,1.87,0.0
2020-10-13,AZN,0.0,0.0,1.0,0.0,0.0,0.0,1.0,0.0
2020-10-13,JNJ,4.526400000000001,0.28800000000000003,8.934999999999999,0.776,-1.0228,0.7729999999999999,13.048000000000002,0.179
2020-10-14,AZN,0.7845,0.055,2.857,0.087,0.7817,0.0,2.583,0.417
2020-10-14,JNJ,1.8348,0.17200000000000001,3.4810000000000003,0.347,1.0434999999999999,0.185,3.1000000000000005,0.7150000000000001
2020-10-14,MRNA,0.9951,0.007,0.871,0.122,0.296,0.0,1.937,0.062
2020-10-14,PFE,0.9822,0.025,0.875,0.1,0.0,0.0,1.0,0.0
2020-10-15,AZN,0.08230000000000004,0.114,1.693,0.193,0.25,0.0,1.75,0.25
2020-10-15,JNJ,0.0,0.0,1.0,0.0,-0.3818,0.075,0.925,0.0
2020-10-15,MRNA,0.9926,0.023,0.899,0.078,0.0,0.0,4.0,0.0
2020-10-15,PFE,0.0,0.0,0.0,0.0,0.0,0.0,1.0,0.0
2020-10-16,AZN,0.9818,0.026,2.878,0.097,0.03970000000000001,0.178,2.6189999999999998,0.203
2020-10-16,JNJ,0.0,0.0,1.0,0.0,0.802,0.0,0.783,0.217
2020-10-16,PFE,0.0516,0.052,2.911,0.038,1.1466,0.12,4.519,0.36
2020-10-17,PFE,0.8479,0.042,0.825,0.133,0.0,0.0,1.0,0.0
2020-10-18,JNJ,-0.016900000000000026,0.16,1.679,0.161,-0.6597,0.239,1.7610000000000001,0.0
2020-10-19,AZN,0.8105,0.25,5.449999999999999,0.3,0.0717000000000001,0.625,5.67,0.7049999999999998
2020-10-19,MRNA,0.8783,0.055,0.855,0.09,0.237,0.228,2.5629999999999997,0.20900000000000002
2020-10-19,PFE,0.0,0.0,2.0,0.0,0.0,0.0,2.0,0.0
2020-10-20,AZN,-0.028799999999999937,0.138,5.71,0.151,-1.0534,0.44499999999999995,5.353,0.202
2020-10-20,MRNA,1.1969,0.109,2.723,0.16699999999999998,0.8759000000000001,0.206,3.5020000000000002,0.292
2020-10-21,AZN,0.1779,0.133,6.7139999999999995,0.153,1.0668,0.493,8.667,0.839
2020-10-21,JNJ,0.0,0.0,1.0,0.0,0.0,0.0,1.0,0.0
2020-10-21,MRNA,0.0,0.0,0.0,0.0,0.0772,0.174,0.638,0.187
2020-10-21,PFE,2.8821,0.111,2.667,0.222,0.4215,0.0,2.843,0.157
2020-10-22,AZN,1.3445,0.067,6.7540000000000004,0.179,-0.3285999999999999,0.45299999999999996,8.228000000000002,0.319
2020-10-22,JNJ,-0.10270000000000001,0.14700000000000002,1.749,0.10400000000000001,-0.743,0.364,1.6360000000000001,0.0
2020-10-22,MRNA,0.6705,0.048,0.882,0.07,0.592,0.0,2.822,0.178
2020-10-23,AZN,-0.18699999999999994,0.173,2.69,0.136,-0.8402,0.281,4.718999999999999,0.0
2020-10-23,JNJ,0.0,0.0,0.0,0.0,0.296,0.0,0.891,0.109
2020-10-23,MRNA,1.9179,0.073,1.695,0.232,0.0,0.0,3.0,0.0
2020-10-23,PFE,2.5487,0.157,4.428,0.41600000000000004,1.6558,0.0,5.146,0.854
2020-10-24,PFE,0.9931,0.056,0.82,0.123,0.0,0.0,1.0,0.0
2020-10-25,AZN,2.835,0.172,2.591,0.236,0.7615000000000001,0.0,2.676,0.324
2020-10-25,MRNA,0.0,0.0,1.0,0.0,0.0,0.0,1.0,0.0
2020-10-26,AZN,1.2481,0.111,4.603,0.287,0.6861,0.149,4.359,0.492
2020-10-26,JNJ,0.0,0.0,0.0,0.0,0.3182,0.0,0.901,0.099
2020-10-26,MRNA,0.9894,0.014,0.854,0.132,0.4939,0.0,0.842,0.158
2020-10-26,PFE,1.1134,0.025,2.8729999999999998,0.102,0.679,0.0,3.63,0.37
2020-10-27,AZN,0.0,0.0,1.0,0.0,0.7096,0.0,0.67,0.33
2020-10-27,MRNA,0.9911,0.013,0.856,0.131,0.0,0.0,1.0,0.0
2020-10-27,PFE,2.6790000000000003,0.20500000000000002,11.259,0.537,0.31759999999999994,0.41000000000000003,12.209,0.381
2020-10-28,AZN,-2.4128,0.28600000000000003,3.5220000000000002,0.193,-0.35309999999999986,0.402,2.962,0.635
2020-10-28,JNJ,0.0,0.0,0.0,0.0,0.7506,0.113,0.675,0.212
2020-10-28,MRNA,0.9232,0.029,0.903,0.069,-0.6369,0.187,1.758,0.056
2020-10-28,PFE,0.0,0.0,1.0,0.0,0.0,0.0,1.0,0.0
2020-10-29,AZN,2.6668,0.11199999999999999,2.597,0.29100000000000004,-0.5065999999999999,0.196,2.6180000000000003,0.186
2020-10-29,MRNA,3.6255,0.187,9.41,0.403,0.04910000000000003,0.267,11.573,0.16
2020-10-30,AZN,0.9788,0.025,1.8519999999999999,0.123,0.0,0.0,2.0,0.0
2020-10-30,JNJ,0.9872,0.0,1.8519999999999999,0.148,0.0,0.0,2.0,0.0
2020-10-30,MRNA,1.9742,0.045,1.778,0.177,0.0,0.0,2.0,0.0
2020-10-30,PFE,0.9996,0.027,3.848,0.125,0.3802,0.129,3.651,0.22099999999999997
2020-11-01,AZN,1.9676,0.07100000000000001,1.749,0.179,0.0,0.0,2.0,0.0
2020-11-01,PFE,0.9396,0.012,0.964,0.024,0.0,0.0,1.0,0.0
2020-11-02,AZN,0.9834,0.014,3.753,0.232,0.6572,0.0,3.739,0.261
2020-11-02,JNJ,1.9304000000000001,0.08399999999999999,2.708,0.20700000000000002,0.5138,0.2,2.324,0.476
2020-11-02,MRNA,0.0,0.0,0.0,0.0,0.3818,0.0,0.909,0.091
2020-11-02,PFE,1.9127,0.089,2.7239999999999998,0.187,0.0,0.0,3.0,0.0
2020-11-03,JNJ,0.0,0.0,2.0,0.0,1.3372000000000002,0.0,1.413,0.587
2020-11-03,PFE,0.0,0.0,0.0,0.0,0.0,0.0,1.0,0.0
2020-11-04,AZN,1.6246,0.0,5.904,0.096,1.4868000000000001,0.18,7.1160000000000005,0.704
2020-11-04,PFE,0.0,0.0,1.0,0.0,1.4521000000000002,0.0,1.6440000000000001,0.356
2020-11-05,AZN,3.6309,0.349,8.987,0.6649999999999999,0.5644,0.41999999999999993,8.995999999999999,0.5840000000000001
2020-11-05,JNJ,0.9086,0.059,1.8519999999999999,0.089,0.0,0.0,2.0,0.0
2020-11-05,PFE,0.9993,0.031,2.863,0.106,0.296,0.0,2.879,0.121
2020-11-06,AZN,0.7231,0.108,1.697,0.195,0.1779,0.325,2.2169999999999996,0.45899999999999996
2020-11-06,PFE,3.6858,0.139,3.458,0.402,-0.802,0.31,3.69,0.0
2020-11-08,AZN,0.9899,0.0,1.912,0.088,0.0,0.0,2.0,0.0
2020-11-08,PFE,1.9034,0.068,1.701,0.23199999999999998,0.0,0.0,2.0,0.0
2020-11-09,AZN,0.9926,0.019,1.865,0.116,0.4215,0.0,1.823,0.177
2020-11-09,PFE,4.3419,0.16699999999999998,5.367,0.46599999999999997,4.0453,0.069,11.423,1.508
2020-11-10,AZN,0.014599999999999946,0.15,1.718,0.132,0.16869999999999996,0.361,3.3600000000000003,0.279
2020-11-10,PFE,5.6487,0.21000000000000002,8.268,0.522,1.6697999999999997,0.317,9.647,1.037
2020-11-11,MRNA,0.33,0.20199999999999999,4.721,0.078,-0.4142,0.46900000000000003,4.246,0.28500000000000003
2020-11-11,PFE,3.8951,0.15000000000000002,5.308999999999999,0.541,2.6305,0.071,8.794,1.135
2020-11-12,AZN,2.8887,0.14300000000000002,3.478,0.378,-0.01749999999999996,0.45,3.076,0.474
2020-11-12,JNJ,0.9789,0.009,0.914,0.077,0.4767,0.0,0.819,0.181
2020-11-12,MRNA,1.6168,0.008,1.8610000000000002,0.131,1.9852999999999998,0.152,7.059000000000001,0.789
2020-11-12,PFE,0.891,0.081,0.806,0.114,0.9934,0.0,1.587,0.413
2020-11-13,AZN,-0.5673999999999999,0.184,2.636,0.18,0.24239999999999984,0.125,2.568,0.307
2020-11-13,JNJ,0.7096,0.053,1.87,0.078,-0.07240000000000002,0.176,3.6959999999999997,0.128
2020-11-13,MRNA,0.9702,0.014,0.899,0.087,0.9445999999999999,0.0,2.6239999999999997,0.376
2020-11-13,PFE,1.9799,0.059,3.6599999999999997,0.28200000000000003,1.4093,0.0,4.617,0.383
2020-11-14,AZN,0.9948,0.04,0.834,0.125,0.0,0.0,1.0,0.0
2020-11-14,MRNA,0.8051,0.033,0.87,0.097,0.0,0.0,1.0,0.0
2020-11-15,AZN,-0.721,0.075,0.868,0.057,0.0,0.0,1.0,0.0
2020-11-15,MRNA,0.9937,0.022,0.901,0.077,0.0,0.0,1.0,0.0
2020-11-15,PFE,1.9753,0.043000000000000003,2.769,0.188,0.4019,0.0,2.876,0.124
2020-11-16,AZN,0.9169,0.013,0.933,0.054,0.0,0.0,1.0,0.0
2020-11-16,JNJ,1.925,0.019,1.772,0.209,-0.5719,0.236,1.764,0.0
2020-11-16,MRNA,1.8698000000000001,0.046,4.581,0.374,0.8226,0.066,8.629,0.305
2020-11-16,PFE,0.0,0.0,1.0,0.0,0.3612,0.108,2.702,0.19
2020-11-17,AZN,0.4402,0.066,1.8679999999999999,0.066,0.08140000000000003,0.212,1.476,0.312
2020-11-17,JNJ,0.9968,0.008,0.847,0.144,0.0,0.0,1.0,0.0
2020-11-17,MRNA,5.309200000000001,0.19799999999999998,8.226,0.577,0.03180000000000002,0.29100000000000004,9.337,0.372
2020-11-17,PFE,1.9335,0.046,1.662,0.29200000000000004,0.8509,0.0,1.495,0.505
2020-11-18,MRNA,2.3973,0.121,3.662,0.218,0.0516,0.149,3.69,0.161
2020-11-18,PFE,0.021100000000000008,0.14100000000000001,7.694,0.16499999999999998,0.30450000000000005,0.614,9.654,0.733
2020-11-19,AZN,2.7972,0.14100000000000001,4.51,0.349,2.7994,0.0,4.871,1.129
2020-11-19,MRNA,0.9952,0.019,0.912,0.069,0.6572,0.078,2.6550000000000002,0.268
2020-11-19,PFE,3.8870999999999998,0.159,5.4399999999999995,0.40199999999999997,0.42840000000000006,0.315,5.131,0.554
2020-11-20,AZN,1.4386,0.122,3.668,0.21000000000000002,-0.08910000000000007,0.216,3.498,0.286
2020-11-20,JNJ,0.0,0.0,1.0,0.0,0.1531,0.147,0.6,0.253
2020-11-20,MRNA,1.7231999999999998,0.079,4.753,0.16799999999999998,-1.0173999999999999,0.8069999999999999,5.813,0.38
2020-11-20,PFE,1.9755,0.033,2.7569999999999997,0.21,-0.4845,0.28800000000000003,2.712,0.0
2020-11-21,MRNA,2.9649,0.093,2.583,0.325,0.0,0.0,3.0,0.0
2020-11-22,AZN,0.0,0.0,1.0,0.0,0.0,0.0,1.0,0.0
2020-11-22,MRNA,1.8805,0.10200000000000001,1.7269999999999999,0.17099999999999999,0.0,0.0,2.0,0.0
2020-11-23,AZN,3.8501000000000003,0.087,8.541,0.371,2.3125,0.059,8.776,1.165
2020-11-23,MRNA,1.2477,0.023,1.748,0.228,0.25,0.0,1.867,0.133
2020-11-23,PFE,0.9508,0.028,1.889,0.082,0.39560000000000006,0.107,2.666,0.22699999999999998
2020-11-24,AZN,1.9924,0.076,8.643,0.281,1.6766999999999999,0.077,8.178999999999998,0.744
2020-11-24,MRNA,1.9367999999999999,0.059000000000000004,3.7489999999999997,0.192,0.5242,0.0,3.696,0.304
2020-11-24,PFE,0.0,0.0,1.0,0.0,0.3612,0.038,0.871,0.091
2020-11-25,JNJ,-0.9728,0.14,0.788,0.072,0.0,0.25,1.5,0.25
2020-11-25,MRNA,4.840400000000001,0.08399999999999999,5.369999999999999,0.5449999999999999,2.6076,0.0,5.9319999999999995,1.0679999999999998
2020-11-26,AZN,0.0,0.0,1.0,0.0,0.0,0.0,1.0,0.0
2020-11-27,AZN,2.9097999999999997,0.07100000000000001,5.615,0.314,1.269,0.157,5.238,0.605
2020-11-27,MRNA,2.5688,0.054000000000000006,2.68,0.266,0.7003,0.0,3.7560000000000002,0.244
2020-11-28,AZN,2.2546,0.151,2.6079999999999997,0.24,0.4019,0.0,2.787,0.213
2020-11-29,AZN,0.9844,0.035,0.904,0.062,0.1027,0.0,0.909,0.091
2020-11-29,MRNA,1.9644,0.0,1.748,0.252,0.8121,0.0,1.688,0.312
2020-11-30,AZN,1.7934999999999999,0.09699999999999999,2.698,0.20400000000000001,0.3487,0.234,2.33,0.436
2020-11-30,MRNA,6.8222000000000005,0.28800000000000003,7.009,0.7030000000000001,-0.3257999999999998,0.9239999999999999,10.478,0.597
2020-12-01,AZN,0.9753,0.011,2.883,0.106,0.2732,0.0,2.942,0.058
2020-12-01,JNJ,0.0,0.0,3.0,0.0,0.6249,0.0,2.836,0.164
2020-12-01,MRNA,2.9865000000000004,0.085,4.638,0.278,1.2694000000000003,0.163,6.31,0.526
2020-12-01,PFE,0.0,0.0,0.0,0.0,0.296,0.0,1.925,0.075
2020-12-02,AZN,0.0,0.0,1.0,0.0,0.0,0.0,1.0,0.0
2020-12-02,JNJ,0.0,0.0,1.0,0.0,0.0,0.0,1.0,0.0
2020-12-02,MRNA,2.9687,0.07,3.632,0.29900000000000004,0.128,0.205,3.551,0.244
2020-12-02,PFE,1.4792999999999998,0.114,7.74,0.147,1.3355,0.252,8.084,0.6639999999999999
2020-12-03,AZN,1.8375,0.053,4.761,0.186,0.7065999999999999,0.056,4.578,0.366
2020-12-03,MRNA,0.9118,0.061,0.833,0.106,1.3708,0.0,2.215,0.7849999999999999
2020-12-03,PFE,0.12969999999999993,0.093,6.769,0.138,2.4482,0.18,5.771,1.048
2020-12-04,AZN,0.0,0.0,1.0,0.0,0.296,0.0,0.872,0.128
2020-12-04,MRNA,4.3712,0.249,6.187,0.563,1.6376000000000002,0.106,7.062,0.8320000000000001
2020-12-04,PFE,3.3325,0.14,5.494000000000001,0.365,1.1890999999999998,0.0,5.251,0.749
2020-12-05,JNJ,0.9332,0.05,0.867,0.083,0.0,0.0,1.0,0.0
2020-12-06,AZN,0.9845,0.03,0.894,0.077,0.0,0.0,1.0,0.0
2020-12-06,MRNA,-0.9944,0.052,2.925,0.023,-0.3818,0.28700000000000003,2.574,0.139
2020-12-06,PFE,0.9186,0.033,1.8239999999999998,0.143,0.128,0.166,1.637,0.197
2020-12-07,AZN,-0.2625999999999999,0.448,5.1739999999999995,0.37900000000000006,0.07289999999999991,0.917,4.598,0.485
2020-12-07,MRNA,0.9891,0.086,1.806,0.10899999999999999,1.5847,0.0,2.327,0.673
2020-12-07,PFE,3.8228,0.12499999999999999,5.476999999999999,0.398,0.1531,0.058,5.868,0.074
2020-12-08,AZN,2.9135,0.06,2.5700000000000003,0.371,0.7518,0.075,2.5780000000000003,0.347
2020-12-08,JNJ,0.0,0.0,1.0,0.0,0.7574,0.0,0.789,0.211
2020-12-08,MRNA,0.5692,0.07300000000000001,1.767,0.16,1.0908,0.0,2.538,0.46199999999999997
2020-12-08,PFE,0.802,0.042,6.895,0.063,0.21509999999999996,0.37,7.272,0.358
2020-12-09,AZN,0.0,0.0,1.0,0.0,0.6369,0.0,0.865,0.135
2020-12-09,MRNA,0.9607,0.111,5.68,0.21,0.6036,0.34900000000000003,5.898999999999999,0.751
2020-12-09,PFE,0.07120000000000004,0.14100000000000001,5.685,0.174,-0.6805000000000001,0.6739999999999999,5.873,0.45299999999999996
2020-12-10,AZN,0.6597,0.074,2.824,0.101,-0.1886,0.286,2.533,0.181
2020-12-10,MRNA,0.38759999999999994,0.102,2.752,0.14600000000000002,0.4019,0.0,2.886,0.114
2020-12-10,PFE,3.9656,0.108,6.474,0.41899999999999993,1.1492999999999998,0.559,7.66,0.781
2020-12-11,AZN,1.9931999999999999,0.037,3.6819999999999995,0.28099999999999997,-0.6511,0.301,3.455,0.244
2020-12-11,JNJ,0.0,0.0,1.0,0.0,-0.1531,0.228,0.614,0.158
2020-12-11,MRNA,0.0,0.0,0.0,0.0,0.296,0.0,0.845,0.155
2020-12-11,PFE,0.0837,0.055,6.792,0.153,1.3329,0.22,7.983999999999999,0.7959999999999999
2020-12-12,AZN,1.7645,0.054,1.7,0.244,0.0,0.0,2.0,0.0
2020-12-12,MRNA,2.6763,0.08,2.6479999999999997,0.273,0.2732,0.0,2.84,0.16
2020-12-12,PFE,3.3608,0.176,3.466,0.357,-0.3046,0.167,3.735,0.098
2020-12-13,MRNA,-0.9578,0.071,0.872,0.057,0.0,0.0,1.0,0.0
2020-12-13,PFE,0.9836,0.004,3.922,0.073,1.0593,0.118,3.476,0.40599999999999997
2020-12-14,AZN,3.4600999999999997,0.251,5.229,0.521,-0.9331,0.8049999999999999,6.0969999999999995,0.098
2020-12-14,MRNA,0.9181,0.069,3.825,0.10600000000000001,1.9491,0.0,4.087,0.913
2020-12-14,PFE,0.0,0.0,2.0,0.0,-0.02629999999999999,0.127,2.757,0.116
2020-12-15,AZN,2.5033000000000003,0.138,2.599,0.263,0.5574,0.0,3.714,0.286
2020-12-15,MRNA,0.06720000000000004,0.086,7.731,0.184,1.2246000000000001,0.302,7.106,0.591
2020-12-15,PFE,0.0,0.0,2.0,0.0,0.0,0.0,3.0,0.0
2020-12-16,AZN,1.6141,0.077,1.7650000000000001,0.159,0.3182,0.0,1.796,0.204
2020-12-16,JNJ,1.975,0.061,1.7429999999999999,0.196,0.4588,0.0,1.81,0.19
2020-12-16,MRNA,1.6004,0.216,5.541,0.243,-0.0516,0.23,6.547,0.223
2020-12-16,PFE,1.8676,0.132,3.6580000000000004,0.21000000000000002,0.003300000000000025,0.532,3.1790000000000003,0.28900000000000003
2020-12-17,AZN,0.6908,0.033,0.941,0.025,0.9154,0.0,1.645,0.355
2020-12-17,JNJ,1.9657,0.047,1.812,0.14,0.4019,0.0,1.787,0.213
2020-12-17,MRNA,0.5598000000000001,0.11399999999999999,4.727,0.159,1.1502999999999999,0.368,4.858,0.775
2020-12-17,PFE,0.0,0.0,5.0,0.0,1.0986,0.115,4.319,0.5670000000000001
2020-12-18,AZN,0.4215,0.047,1.8980000000000001,0.054,0.1779,0.129,1.702,0.17
2020-12-18,JNJ,0.0,0.0,1.0,0.0,0.8121,0.0,1.6909999999999998,0.309
2020-12-18,MRNA,4.5287,0.14700000000000002,6.337000000000001,0.516,0.5746,0.0,7.705,0.29500000000000004
2020-12-18,PFE,0.0,0.0,2.0,0.0,0.4939,0.0,2.758,0.242
2020-12-19,AZN,0.8885,0.047,0.854,0.1,0.0,0.0,1.0,0.0
2020-12-19,MRNA,1.9649,0.040999999999999995,1.755,0.203,-0.3818,0.14,1.8599999999999999,0.0
2020-12-20,JNJ,0.0,0.0,1.0,0.0,0.4767,0.0,0.853,0.147
2020-12-20,MRNA,0.9789,0.021,1.915,0.064,0.0,0.0,3.0,0.0
2020-12-20,PFE,-0.7579,0.093,0.846,0.061,-0.1531,0.14,0.86,0.0
2020-12-21,AZN,0.5267,0.033,0.914,0.053,-0.3818,0.168,1.725,0.107
2020-12-21,JNJ,0.9186,0.006,1.943,0.051,0.0,0.0,2.0,0.0
2020-12-21,MRNA,0.31909999999999994,0.16,3.4829999999999997,0.356,-0.10300000000000001,0.28099999999999997,4.398,0.321
2020-12-21,PFE,2.8994999999999997,0.152,5.522,0.325,1.4819,0.121,4.872,1.0070000000000001
2020-12-22,AZN,1.9465,0.18,3.44,0.379,-0.9175,0.569,3.1029999999999998,0.328
2020-12-22,MRNA,1.9060000000000001,0.061,6.758,0.182,0.015000000000000013,0.515,6.1419999999999995,0.342
2020-12-22,PFE,0.0,0.0,3.0,0.0,0.329,0.046,3.806,0.14900000000000002
2020-12-23,AZN,2.802,0.062,2.664,0.275,0.3818,0.0,3.841,0.159
2020-12-23,MRNA,0.9976,0.018,2.887,0.095,0.96,0.23,6.083,0.6869999999999999
2020-12-23,PFE,1.9579,0.049,2.726,0.224,0.25,0.089,3.7880000000000003,0.123
2020-12-24,AZN,0.0,0.0,1.0,0.0,0.0,0.0,1.0,0.0
2020-12-24,MRNA,1.4468,0.108,1.726,0.166,0.8422,0.23,2.161,0.609
2020-12-24,PFE,0.0,0.0,2.0,0.0,0.4215,0.0,1.682,0.318
2020-12-26,AZN,0.0,0.0,1.0,0.0,0.0,0.0,1.0,0.0
2020-12-26,MRNA,0.9665,0.022,0.889,0.089,0.0258,0.0,0.891,0.109
2020-12-26,PFE,0.9305,0.024,0.929,0.048,0.0,0.0,1.0,0.0
2020-12-27,AZN,0.9305,0.041,0.869,0.09,0.4767,0.0,0.78,0.22
2020-12-28,AZN,1.9006,0.161,6.501,0.338,3.1918,0.12,8.455,1.425
2020-12-28,PFE,2.808,0.166,2.48,0.353,0.2023,0.0,4.87,0.13
2020-12-29,AZN,2.9404,0.064,4.564,0.372,1.3247999999999998,0.0,5.465,0.535
2020-12-29,MRNA,1.9865,0.014,3.795,0.191,-0.08579999999999999,0.12,4.664,0.216
2020-12-29,PFE,2.76,0.11599999999999999,2.58,0.304,0.0,0.0,4.0,0.0
2020-12-30,AZN,6.2659,0.216,8.081,0.7030000000000001,0.21769999999999998,0.794,7.448999999999999,0.758
2020-12-30,JNJ,0.9823,0.02,1.8319999999999999,0.148,0.0,0.0,2.0,0.0
2020-12-30,MRNA,0.8316,0.02,2.916,0.064,0.5636000000000001,0.192,3.575,0.23299999999999998
2020-12-31,AZN,0.5719,0.046,0.894,0.061,-0.296,0.128,0.872,0.0
2020-12-31,MRNA,-0.9742000000000001,0.192,3.6180000000000003,0.189,0.09200000000000003,0.239,4.485,0.275
2020-12-31,PFE,0.0,0.0,3.0,0.0,-0.8924000000000001,0.383,2.617,0.0
2021-01-01,AZN,0.0,0.0,1.0,0.0,0.0,0.0,1.0,0.0
2021-01-02,AZN,0.813,0.014,1.912,0.074,0.6282,0.0,1.584,0.416
2021-01-02,MRNA,-0.9149,0.095,0.826,0.08,0.0,0.0,1.0,0.0
2021-01-03,AZN,0.0,0.0,3.0,0.0,0.5471,0.133,2.625,0.242
2021-01-03,MRNA,0.0,0.0,1.0,0.0,0.0,0.0,1.0,0.0
2021-01-04,AZN,1.9138000000000002,0.031,2.724,0.245,-0.2263,0.213,2.787,0.0
2021-01-04,MRNA,3.6569,0.12300000000000001,6.5329999999999995,0.34400000000000003,1.3301,0.0,9.509,0.491
2021-01-04,PFE,0.9959,0.01,1.8599999999999999,0.13,0.765,0.0,1.7029999999999998,0.297
2021-01-05,AZN,0.8225,0.042,2.885,0.073,-0.356,0.264,2.645,0.091
2021-01-05,MRNA,2.8223,0.10200000000000001,5.673,0.22399999999999998,-0.03300000000000003,0.315,6.319,0.367
2021-01-05,PFE,0.9974,0.007,1.774,0.219,0.49829999999999997,0.0,1.6600000000000001,0.34
2021-01-06,AZN,-0.2023,0.091,4.82,0.089,-0.5136,0.41200000000000003,4.406,0.182
2021-01-06,MRNA,2.9746,0.079,5.5600000000000005,0.36,1.9811999999999999,0.0,6.893,1.107
2021-01-06,PFE,0.0,0.0,1.0,0.0,0.4767,0.0,1.846,0.154
2021-01-07,AZN,0.9592,0.071,3.823,0.106,0.0,0.0,4.0,0.0
2021-01-07,JNJ,1.9975,0.054000000000000006,1.728,0.21700000000000003,-0.4019,0.153,1.847,0.0
2021-01-07,MRNA,0.9652,0.016,1.891,0.093,1.1663,0.0,2.547,0.45299999999999996
2021-01-07,PFE,2.4943999999999997,0.092,4.633,0.275,1.3354,0.111,4.291,0.598
2021-01-08,AZN,0.0,0.0,1.0,0.0,0.4215,0.0,0.843,0.157
2021-01-08,JNJ,1.994,0.056,1.749,0.195,0.0,0.0,2.0,0.0
2021-01-08,MRNA,0.8834,0.027,2.899,0.074,1.1194,0.0,4.393000000000001,0.607
2021-01-08,PFE,2.8551,0.207,6.366,0.42700000000000005,-0.4588,0.267,6.733,0.0
2021-01-09,AZN,0.6447,0.054,0.877,0.069,0.368,0.0,0.87,0.13
2021-01-09,MRNA,0.0,0.0,1.0,0.0,0.4939,0.0,0.878,0.122
2021-01-10,MRNA,0.3259000000000001,0.089,1.798,0.11399999999999999,0.3612,0.0,1.783,0.217
2021-01-11,AZN,-0.6505000000000001,0.169,8.644,0.187,-1.3671,0.453,8.425,0.122
2021-01-11,JNJ,0.9995,0.023,0.866,0.112,0.0,0.0,1.0,0.0
2021-01-11,MRNA,0.8271,0.028,2.9050000000000002,0.067,1.0231,0.0,3.632,0.368
2021-01-11,PFE,0.0,0.0,1.0,0.0,0.0,0.0,1.0,0.0
2021-01-12,AZN,1.942,0.066,4.745,0.189,-0.7624,0.28600000000000003,4.6370000000000005,0.076
2021-01-12,MRNA,1.9735,0.043,4.717,0.239,2.1856,0.0,4.754,1.246
2021-01-12,PFE,1.3633,0.018,1.3639999999999999,0.618,0.5089,0.077,3.6020000000000003,0.321
2021-01-13,AZN,0.0,0.0,3.0,0.0,0.4019,0.0,2.828,0.172
2021-01-13,JNJ,1.042,0.1,6.774,0.126,1.7477,0.3,6.614999999999999,1.085
2021-01-13,MRNA,0.0,0.0,2.0,0.0,1.2303,0.174,2.2300000000000004,0.595
2021-01-13,PFE,0.0,0.0,1.0,0.0,0.5904,0.0,0.797,0.203
2021-01-14,AZN,0.0,0.0,2.0,0.0,-0.2732,0.139,1.861,0.0
2021-01-14,JNJ,3.8811999999999998,0.11099999999999999,3.431,0.459,0.0,0.0,4.0,0.0
2021-01-14,MRNA,0.7945,0.009,1.958,0.033,-0.128,0.085,2.846,0.069
2021-01-14,PFE,0.3076,0.056,0.874,0.07,0.21919999999999998,0.259,1.411,0.32999999999999996
2021-01-15,AZN,1.7585000000000002,0.232,5.485,0.28400000000000003,-0.4240999999999999,0.481,5.9639999999999995,0.554
2021-01-15,MRNA,-0.6908,0.037,0.935,0.028,0.4767,0.0,0.819,0.181
2021-01-15,PFE,0.0,0.0,7.0,0.0,-0.44960000000000006,0.69,5.998,0.312
2021-01-17,MRNA,0.9922,0.017,0.858,0.125,0.0,0.0,1.0,0.0
2021-01-18,PFE,0.0,0.0,1.0,0.0,0.0,0.0,1.0,0.0
2021-01-19,AZN,0.6597,0.072,0.834,0.094,0.6412,0.173,1.415,0.41200000000000003
2021-01-19,JNJ,2.9636,0.122,2.5629999999999997,0.314,0.4019,0.0,2.787,0.213
2021-01-19,MRNA,1.9026,0.048,1.708,0.244,-0.296,0.071,2.9290000000000003,0.0
2021-01-19,PFE,0.0,0.0,2.0,0.0,0.5719,0.0,1.734,0.266
2021-01-20,AZN,0.9731000000000001,0.123,3.732,0.14500000000000002,0.4404,0.09,3.677,0.233
2021-01-20,JNJ,1.9184999999999999,0.063,1.775,0.161,-0.5106,0.136,1.8639999999999999,0.0
2021-01-20,MRNA,0.0,0.0,2.0,0.0,0.7726999999999999,0.0,1.702,0.29800000000000004
2021-01-20,PFE,0.1563,0.08499999999999999,3.713,0.2,1.2499,0.138,6.396,0.464
2021-01-21,AZN,-0.765,0.114,1.813,0.073,-0.5796,0.28,1.634,0.086
2021-01-21,JNJ,0.9944,0.016,1.912,0.072,0.5574,0.0,1.865,0.135
2021-01-21,MRNA,0.7201,0.067,1.833,0.1,-0.06520000000000004,0.185,3.724,0.091
2021-01-21,PFE,0.9972,0.039,2.7800000000000002,0.181,1.1991,0.0,4.609,0.391
2021-01-22,AZN,0.7626,0.02,3.933,0.047,-0.424,0.22000000000000003,3.67,0.111
2021-01-22,JNJ,0.9694,0.034,0.906,0.061,0.3818,0.071,1.7650000000000001,0.165
2021-01-22,MRNA,1.2875,0.0,2.706,0.294,0.7726999999999999,0.0,2.649,0.351
2021-01-22,PFE,0.8957,0.049,5.8629999999999995,0.089,1.4516,0.066,5.203,0.7310000000000001
2021-01-23,JNJ,0.1779,0.053,0.884,0.063,0.0,0.0,1.0,0.0
2021-01-25,AZN,2.339,0.129,3.6240000000000006,0.246,0.8202,0.101,4.4,0.5
2021-01-25,JNJ,0.9813,0.015,0.88,0.105,0.0,0.0,1.0,0.0
2021-01-25,MRNA,1.2588,0.027,1.887,0.086,-0.16459999999999997,0.371,5.378,0.251
2021-01-25,PFE,2.2279,0.098,2.6420000000000003,0.26,1.5648,0.0,2.261,0.739
2021-01-26,AZN,0.0,0.0,2.0,0.0,0.1059,0.091,1.851,0.058
2021-01-26,JNJ,3.0007,0.122,6.388999999999999,0.4890000000000001,-0.296,0.167,9.833,0.0
2021-01-26,MRNA,0.0,0.0,1.0,0.0,0.2263,0.0,0.899,0.101
2021-01-26,PFE,0.0,0.0,0.0,0.0,0.47130000000000005,0.111,1.5790000000000002,0.31
2021-01-27,AZN,0.0,0.0,3.0,0.0,0.0,0.0,3.0,0.0
2021-01-27,JNJ,3.8052,0.37,7.971,0.6589999999999999,-0.21010000000000012,0.514,7.957,0.529
2021-01-27,MRNA,0.2732,0.018,0.948,0.033,0.0,0.0,1.0,0.0
2021-01-27,PFE,-0.21730000000000005,0.091,1.837,0.07200000000000001,0.6124,0.0,1.75,0.25
2021-01-28,AZN,0.8047,0.0,2.9379999999999997,0.062,0.8982,0.0,2.618,0.382
2021-01-28,MRNA,0.0,0.0,1.0,0.0,0.4939,0.0,1.833,0.167
2021-01-28,PFE,0.9429,0.026,0.924,0.05,0.0,0.0,1.0,0.0
2021-01-29,AZN,-0.5427,0.137,2.75,0.113,0.0,0.0,3.0,0.0
2021-01-29,JNJ,0.0,0.0,3.0,0.0,0.8754000000000001,0.135,5.3469999999999995,0.518
2021-01-29,MRNA,1.1979,0.15200000000000002,3.597,0.252,0.296,0.183,4.327,0.489
2021-01-29,PFE,0.0,0.0,1.0,0.0,0.0,0.0,1.0,0.0
2021-01-30,JNJ,0.8415,0.023,0.935,0.042,0.0,0.0,1.0,0.0
2021-01-31,JNJ,0.9914,0.038,0.865,0.098,0.0,0.0,1.0,0.0
2021-01-31,PFE,0.9912,0.049,0.853,0.097,0.0,0.0,1.0,0.0
2021-02-01,AZN,1.9763,0.088,1.6440000000000001,0.267,0.296,0.0,2.901,0.099
2021-02-01,MRNA,3.4776,0.051,6.390000000000001,0.559,1.3403,0.118,7.917,0.965
2021-02-01,PFE,1.9804,0.032,2.698,0.27,0.0,0.0,3.0,0.0
2021-02-02,AZN,1.65,0.03,2.82,0.15,0.6705,0.0,2.8609999999999998,0.139
2021-02-02,JNJ,0.9992,0.019,0.818,0.163,-0.2732,0.208,0.792,0.0
2021-02-02,MRNA,0.9905,0.034,0.884,0.082,0.0,0.0,1.0,0.0
2021-02-02,PFE,3.9097999999999997,0.146,8.273,0.5830000000000001,0.6404,0.137,9.504,0.359
2021-02-03,AZN,3.4672,0.067,6.574999999999999,0.357,-0.7579,0.146,6.854,0.0
2021-02-03,MRNA,0.9403,0.0,1.901,0.099,1.1425,0.0,2.598,0.40199999999999997
2021-02-03,PFE,1.4619,0.224,3.5490000000000004,0.22599999999999998,0.2379,0.263,4.57,0.167
2021-02-04,AZN,0.9698,0.013,3.844,0.144,0.0,0.0,4.0,0.0
2021-02-04,JNJ,0.0,0.036,1.942,0.022,0.4939,0.0,1.758,0.242
2021-02-04,MRNA,0.872,0.025,0.912,0.063,0.7877,0.177,1.459,0.364
2021-02-04,PFE,0.05910000000000004,0.089,3.8209999999999997,0.09,0.729,0.0,4.643,0.357
2021-02-05,AZN,1.2975,0.109,4.709,0.183,-0.32530000000000003,0.396,4.348,0.256
2021-02-05,JNJ,2.8556,0.065,4.651,0.28400000000000003,1.3216,0.0,4.522,0.478
2021-02-05,MRNA,0.0,0.0,1.0,0.0,0.0,0.0,1.0,0.0
2021-02-05,PFE,0.8126,0.029,1.9100000000000001,0.061,0.15930000000000005,0.267,3.4530000000000003,0.28
2021-02-06,AZN,0.0,0.0,1.0,0.0,0.3832,0.092,0.692,0.216
2021-02-06,MRNA,0.9949,0.036,0.845,0.119,0.1779,0.0,0.884,0.116
2021-02-08,AZN,-0.7003,0.054,2.919,0.027,0.29919999999999997,0.16299999999999998,2.598,0.239
2021-02-08,JNJ,0.0,0.0,2.0,0.0,-0.4209,0.299,1.479,0.22300000000000003
2021-02-08,MRNA,2.8748,0.10800000000000001,2.55,0.344,-0.1779,0.125,3.8040000000000003,0.071
2021-02-08,PFE,-0.8419,0.118,3.8449999999999998,0.037,0.5223,0.055,3.773,0.172
2021-02-09,AZN,0.0,0.0,2.0,0.0,0.3612,0.045,1.859,0.096
2021-02-09,JNJ,-0.9839,0.153,3.808,0.039,-0.5978,0.373,3.29,0.337
2021-02-09,MRNA,0.6996,0.17900000000000002,1.762,0.058,-0.5719,0.179,1.821,0.0
2021-02-09,PFE,0.2593,0.09,5.729,0.181,-0.24419999999999997,0.583,4.95,0.467
2021-02-10,AZN,2.5941,0.005,5.634,0.361,0.6367,0.133,6.289,0.5770000000000001
2021-02-10,JNJ,0.0,0.0,1.0,0.0,0.0,0.0,1.0,0.0
2021-02-10,MRNA,0.9979,0.02,0.897,0.083,0.0516,0.121,0.748,0.131
2021-02-10,PFE,0.8674,0.0,0.955,0.045,0.4019,0.0,0.803,0.197
2021-02-11,AZN,3.3808,0.16799999999999998,4.39,0.441,0.9664999999999999,0.0,7.438,0.5619999999999999
2021-02-11,JNJ,2.7772,0.067,2.658,0.27499999999999997,-0.18070000000000003,0.223,2.493,0.28400000000000003
2021-02-11,MRNA,0.0,0.0,2.0,0.0,-0.825,0.366,3.634,0.0
2021-02-12,JNJ,0.9963,0.013,1.893,0.094,0.6486,0.0,1.751,0.249
2021-02-12,MRNA,0.4588,0.011,1.9689999999999999,0.019,-0.3612,0.128,2.872,0.0
2021-02-12,PFE,1.7758,0.174,2.638,0.188,2.1782,0.0,4.426,0.574
2021-02-14,AZN,0.9957,0.036,0.845,0.119,0.3612,0.0,0.788,0.212
2021-02-15,AZN,0.0,0.0,1.0,0.0,-0.3818,0.11,0.89,0.0
2021-02-15,PFE,0.0,0.0,1.0,0.0,-0.2732,0.16,0.84,0.0
2021-02-16,AZN,0.7845,0.017,0.937,0.046,-0.15989999999999993,0.46699999999999997,2.991,0.542
2021-02-16,JNJ,0.9891,0.031,2.909,0.059,0.4939,0.0,2.758,0.242
2021-02-16,MRNA,1.9113,0.043000000000000003,2.832,0.125,-0.3899000000000001,0.318,3.43,0.252
2021-02-16,PFE,-1.0497,0.247,2.559,0.193,1.1507999999999998,0.6719999999999999,2.173,1.155
2021-02-17,AZN,-0.32600000000000007,0.40800000000000003,6.251,0.342,-2.1598999999999995,1.267,5.661,0.072
2021-02-17,JNJ,0.0,0.0,1.0,0.0,0.4767,0.0,0.903,0.097
2021-02-17,MRNA,-0.3612,0.122,2.878,0.0,-0.2585,0.2,2.7030000000000003,0.097
2021-02-17,PFE,1.1564999999999999,0.09999999999999999,3.6879999999999997,0.212,0.19790000000000002,0.145,3.7039999999999997,0.151
2021-02-18,AZN,-0.4374,0.065,1.896,0.039,0.25,0.0,1.905,0.095
2021-02-18,JNJ,0.7417,0.086,3.753,0.16,0.4404,0.0,3.734,0.266
2021-02-18,MRNA,0.4939,0.0,1.9689999999999999,0.031,0.0,0.0,2.0,0.0
2021-02-18,PFE,3.6769000000000003,0.148,5.532,0.321,0.842,0.061,5.532,0.407
2021-02-19,AZN,0.0,0.0,1.0,0.0,0.0,0.0,1.0,0.0
2021-02-19,JNJ,1.4085999999999999,0.068,1.81,0.122,-0.27909999999999996,0.275,1.5659999999999998,0.159
2021-02-19,MRNA,0.0,0.0,1.0,0.0,0.4939,0.0,0.833,0.167
2021-02-19,PFE,1.7362,0.059,4.8149999999999995,0.126,0.767,0.196,7.3999999999999995,0.404
2021-02-20,MRNA,0.8415,0.014,0.964,0.023,0.0,0.0,1.0,0.0
2021-02-21,MRNA,0.9508,0.033,0.905,0.062,0.0,0.0,1.0,0.0
2021-02-22,AZN,1.6541000000000001,0.156,3.6,0.245,-0.7172000000000001,0.20600000000000002,4.663,0.131
2021-02-22,JNJ,0.0,0.0,0.0,0.0,0.6597,0.0,0.769,0.231
2021-02-22,MRNA,1.4403,0.013,1.7389999999999999,0.249,0.0,0.0,3.0,0.0
2021-02-22,PFE,1.0425,0.236,5.512,0.252,-0.6623,0.808,4.484999999999999,0.7070000000000001
2021-02-23,AZN,0.1027,0.043,6.922000000000001,0.035,-0.2780999999999999,0.347,6.380999999999999,0.272
2021-02-23,JNJ,0.0,0.0,1.0,0.0,-0.1779,0.098,0.83,0.072
2021-02-23,MRNA,0.19759999999999994,0.076,1.834,0.09,-0.1531,0.169,1.698,0.134
2021-02-23,PFE,1.9607999999999999,0.075,3.7560000000000002,0.17,0.9934,0.0,3.351,0.649
2021-02-24,JNJ,1.8535,0.077,4.702,0.222,0.49340000000000006,0.18,4.3839999999999995,0.43599999999999994
2021-02-24,MRNA,3.2200999999999995,0.123,7.593,0.28400000000000003,0.7201,0.0,7.782,0.21800000000000003
2021-02-24,PFE,0.3818,0.033,1.9060000000000001,0.06,0.0,0.0,2.0,0.0
2021-02-25,AZN,0.9537,0.078,3.8469999999999995,0.074,0.1507,0.118,3.698,0.184
2021-02-25,MRNA,6.0003,0.20299999999999999,6.115,0.6829999999999999,0.296,0.0,7.936,0.064
2021-02-25,PFE,1.7875999999999999,0.054,2.814,0.131,0.4767,0.0,2.693,0.307
2021-02-26,AZN,2.3292,0.11499999999999999,3.651,0.23399999999999999,1.8729,0.094,3.955,0.9510000000000001
2021-02-26,JNJ,0.0,0.0,3.0,0.0,0.04330000000000004,0.317,2.254,0.43
2021-02-26,MRNA,0.0499,0.122,2.8120000000000003,0.066,-0.6219,0.489,3.17,0.34099999999999997
2021-02-26,PFE,0.7003,0.011,0.93,0.059,1.1588,0.0,2.4130000000000003,0.587
2021-02-27,JNJ,-0.3099,0.052,0.892,0.056,-0.296,0.201,0.701,0.099
2021-02-27,MRNA,0.31609999999999994,0.069,1.83,0.102,0.0258,0.0,1.9220000000000002,0.078
2021-02-28,AZN,0.4253,0.063,0.867,0.07,0.0,0.0,1.0,0.0
2021-02-28,JNJ,0.9931,0.052,1.831,0.117,0.3612,0.0,1.8279999999999998,0.172
2021-02-28,MRNA,0.98,0.023,0.902,0.075,-0.0772,0.202,0.62,0.178
2021-03-01,AZN,0.7669000000000001,0.222,3.509,0.268,-0.4384,0.288,3.583,0.128
2021-03-01,JNJ,2.7645,0.134,6.434,0.43,0.5871,0.344,8.142,0.514
2021-03-01,MRNA,0.9856,0.008,1.839,0.153,0.0,0.0,2.0,0.0
2021-03-02,AZN,4.660299999999999,0.30500000000000005,6.2379999999999995,0.45599999999999996,0.6124,0.451,5.920999999999999,0.628
2021-03-02,JNJ,3.1014999999999997,0.04,5.601999999999999,0.358,1.2088999999999999,0.0,5.402,0.598
2021-03-02,MRNA,0.0,0.0,1.0,0.0,0.34,0.0,0.934,0.066
2021-03-02,PFE,0.9914,0.035,0.894,0.071,0.4939,0.0,0.738,0.262
2021-03-03,AZN,1.5469,0.079,1.7650000000000001,0.155,0.3218,0.195,1.4569999999999999,0.348
2021-03-03,JNJ,2.9629000000000003,0.113,4.596,0.291,1.0473999999999999,0.068,5.557,0.375
2021-03-03,MRNA,0.9899,0.032,0.905,0.063,0.4939,0.0,0.758,0.242
2021-03-03,PFE,2.7735,0.106,5.498,0.396,1.2012999999999998,0.0,5.301,0.6990000000000001
2021-03-04,AZN,1.6924000000000001,0.008,3.8369999999999997,0.154,1.083,0.192,3.237,0.571
2021-03-04,MRNA,1.3316,0.12,2.539,0.34199999999999997,-0.13590000000000002,0.367,3.3930000000000002,0.239
2021-03-04,PFE,1.056,0.171,3.547,0.28200000000000003,0.8823000000000001,0.198,3.295,0.506
2021-03-05,AZN,0.5367,0.176,3.6290000000000004,0.19599999999999998,0.07850000000000001,0.485,3.8950000000000005,0.6200000000000001
2021-03-05,JNJ,0.9987,0.027,2.8369999999999997,0.136,0.9706,0.0,2.625,0.375
2021-03-05,MRNA,3.7189,0.135,4.527,0.338,0.4517,0.19899999999999998,5.5329999999999995,0.268
2021-03-05,PFE,-0.802,0.064,0.895,0.042,-0.0258,0.14,0.726,0.134
2021-03-08,AZN,-0.6236999999999999,0.35400000000000004,3.403,0.244,0.014700000000000001,0.268,3.271,0.461
2021-03-08,JNJ,0.9872,0.007,0.856,0.137,0.0,0.0,2.0,0.0
2021-03-08,MRNA,3.1914,0.173,5.3870000000000005,0.441,0.29050000000000004,0.158,5.583,0.259
2021-03-09,AZN,0.6069,0.109,1.78,0.111,0.13490000000000002,0.147,1.692,0.161
2021-03-09,JNJ,0.0,0.0,3.0,0.0,0.249,0.167,2.565,0.268
2021-03-09,MRNA,0.0,0.0,0.0,0.0,0.296,0.0,1.937,0.062
2021-03-09,PFE,1.7694999999999999,0.18699999999999997,4.57,0.243,0.14770000000000005,0.306,4.269,0.425
2021-03-10,AZN,2.1355999999999997,0.081,2.72,0.198,0.722,0.226,2.269,0.505
2021-03-10,JNJ,0.7672,0.017,2.918,0.065,0.6447,0.0,2.607,0.393
2021-03-10,MRNA,1.986,0.11499999999999999,1.646,0.239,0.25,0.0,2.818,0.182
2021-03-10,PFE,0.9595,0.0,1.881,0.119,-0.3612,0.259,1.741,0.0
2021-03-11,AZN,-1.3273,0.162,4.775,0.064,-0.9747999999999999,0.8479999999999999,4.593,0.559
2021-03-11,JNJ,-0.0431,0.085,3.811,0.104,1.8720000000000003,0.0,4.171,0.829
2021-03-11,MRNA,0.9413,0.047,0.89,0.063,-0.3182,0.108,0.892,0.0
2021-03-11,PFE,-0.12390000000000001,0.177,2.607,0.21500000000000002,0.4662,0.0,2.635,0.365
2021-03-12,AZN,-0.716,0.062,7.8919999999999995,0.046,-1.0023999999999997,0.623,6.892999999999999,0.485
2021-03-12,JNJ,1.1061,0.10400000000000001,2.73,0.166,-0.1124,0.406,3.132,0.46199999999999997
2021-03-12,MRNA,0.0,0.0,1.0,0.0,0.3818,0.0,0.714,0.286
2021-03-12,PFE,0.0,0.0,1.0,0.0,0.0,0.0,1.0,0.0
2021-03-14,AZN,-0.522,0.128,1.818,0.05399999999999999,-0.3182,0.204,1.796,0.0
2021-03-14,MRNA,0.0,0.0,1.0,0.0,0.4215,0.081,0.731,0.188
2021-03-15,AZN,1.6731000000000003,0.23500000000000001,12.247,0.517,-1.2372,1.0899999999999999,11.318999999999999,0.591
2021-03-15,JNJ,0.0,0.0,0.0,0.0,0.0,0.0,1.0,0.0
2021-03-15,MRNA,-0.9766,0.054,0.908,0.038,0.0,0.0,1.0,0.0
2021-03-16,AZN,2.6532,0.09000000000000001,6.694,0.21600000000000003,1.2287,0.0,8.352,0.6479999999999999
2021-03-16,MRNA,3.7386000000000004,0.043,3.646,0.311,0.4491,0.0,4.845000000000001,0.155
2021-03-16,PFE,0.0,0.0,1.0,0.0,0.0516,0.149,0.69,0.161
2021-03-17,AZN,-0.5359000000000002,0.18100000000000002,6.6080000000000005,0.21100000000000002,1.1079,0.33299999999999996,5.8340000000000005,0.8319999999999999
2021-03-17,JNJ,0.6847,0.025,4.93,0.045,1.3261,0.0,4.412,0.588
2021-03-17,MRNA,0.9989,0.01,1.885,0.105,0.0,0.0,2.0,0.0
2021-03-17,PFE,0.9859,0.041,0.884,0.075,0.0,0.0,1.0,0.0
2021-03-18,AZN,0.22649999999999998,0.14,7.699,0.16,-0.06580000000000008,0.767,6.469999999999999,0.762
2021-03-18,JNJ,0.9855,0.0,0.832,0.168,0.2023,0.0,0.893,0.107
2021-03-18,MRNA,0.9844,0.022,1.907,0.071,0.468,0.0,1.811,0.189
2021-03-18,PFE,3.3798,0.16099999999999998,3.385,0.45199999999999996,0.4711000000000001,0.306,3.368,0.326
2021-03-19,AZN,0.9838,0.049,2.827,0.124,0.5878000000000001,0.0,2.754,0.246
2021-03-19,JNJ,0.32899999999999996,0.22,3.5069999999999997,0.273,1.307,0.0,3.464,0.536
2021-03-20,PFE,0.3612,0.042,0.909,0.049,0.0,0.0,1.0,0.0
2021-03-21,AZN,0.0,0.0,1.0,0.0,-0.4404,0.225,0.775,0.0
2021-03-22,AZN,4.4437999999999995,0.246,9.195999999999998,0.5579999999999999,3.6835,0.305,9.197,1.499
2021-03-22,JNJ,0.0,0.0,1.0,0.0,0.4019,0.0,0.722,0.278
2021-03-22,MRNA,0.9836,0.04,0.896,0.064,0.4939,0.0,0.802,0.198
2021-03-22,PFE,1.3348,0.115,1.738,0.14700000000000002,0.9343,0.119,1.396,0.485
2021-03-23,AZN,4.4205,0.20599999999999996,6.268999999999999,0.5239999999999999,-0.24879999999999997,0.42000000000000004,7.308,0.273
2021-03-23,MRNA,2.2798,0.062,2.658,0.281,0.4939,0.0,2.738,0.262
2021-03-23,PFE,2.8521,0.162,3.567,0.27099999999999996,0.3182,0.0,3.827,0.173
2021-03-24,AZN,1.027,0.161,7.5200000000000005,0.31999999999999995,-1.654,0.909,7.091,0.0
2021-03-24,JNJ,1.2563,0.035,1.836,0.129,1.1391,0.0,1.5150000000000001,0.485
2021-03-24,PFE,3.1336,0.18,4.347,0.472,1.0851000000000002,0.32,4.112,0.5680000000000001
2021-03-25,AZN,0.3424999999999999,0.14400000000000002,5.695,0.161,-0.5911000000000001,0.5640000000000001,8.11,0.324
2021-03-25,MRNA,0.0,0.0,1.0,0.0,0.4767,0.0,0.693,0.307
2021-03-25,PFE,0.9759,0.048,3.879,0.073,-0.235,0.289,4.4239999999999995,0.28700000000000003
2021-03-26,AZN,0.0,0.0,1.0,0.0,0.7717,0.0,0.712,0.288
2021-03-26,JNJ,0.0,0.0,2.0,0.0,0.0,0.0,2.0,0.0
2021-03-26,PFE,2.9103,0.269,5.279,0.453,0.45179999999999987,0.637,5.578,0.785
2021-03-28,PFE,1.7628,0.088,1.755,0.15699999999999997,-0.4404,0.182,1.818,0.0
2021-03-29,AZN,1.8218,0.039999999999999994,4.775,0.183,-0.241,0.204,4.764,0.032
2021-03-29,JNJ,1.8874,0.044,1.764,0.192,0.4939,0.0,1.8679999999999999,0.132
2021-03-29,MRNA,1.2410999999999999,0.07300000000000001,2.802,0.125,0.7525000000000001,0.0,3.5919999999999996,0.40800000000000003
2021-03-30,AZN,2.619,0.113,7.458,0.428,1.6537,0.345,8.554,1.103
2021-03-30,PFE,0.7783,0.029,2.914,0.058,1.8243999999999998,0.0,4.412,0.5880000000000001
2021-03-31,AZN,0.46220000000000006,0.05,2.848,0.102,-0.6249,0.188,2.8120000000000003,0.0
2021-03-31,JNJ,0.4927,0.073,2.822,0.105,-0.7030000000000001,0.499,2.501,0.0
2021-03-31,MRNA,0.0,0.0,1.0,0.0,0.4215,0.0,0.865,0.135
2021-03-31,PFE,2.2003,0.076,2.648,0.276,0.4767,0.0,3.838,0.162
2021-04-01,AZN,-0.0693999999999999,0.112,2.787,0.101,-0.4767,0.162,2.838,0.0
2021-04-01,JNJ,0.9325,0.021,2.87,0.109,-0.32189999999999996,0.176,2.706,0.118
2021-04-01,MRNA,0.969,0.012,0.86,0.127,0.0,0.0,3.0,0.0
2021-04-01,PFE,3.3643,0.158,3.3979999999999997,0.44299999999999995,1.3303,0.111,3.073,0.8160000000000001
2021-04-02,PFE,0.992,0.038,0.886,0.076,0.0,0.0,1.0,0.0
2021-04-03,PFE,-0.9393,0.082,0.846,0.072,-0.6597,0.239,0.761,0.0
2021-04-04,JNJ,0.2023,0.05,0.901,0.049,-0.4588,0.188,0.812,0.0
2021-04-05,AZN,0.9511,0.054,2.835,0.111,-0.8032999999999999,0.33699999999999997,2.59,0.073
2021-04-05,JNJ,2.6486,0.07100000000000001,3.6639999999999997,0.264,1.5359999999999998,0.128,4.258,0.614
2021-04-05,MRNA,1.6784,0.018,1.853,0.129,0.3182,0.0,1.827,0.173
2021-04-05,PFE,0.8765,0.021,1.889,0.091,0.4939,0.0,1.887,0.113
2021-04-06,AZN,1.9905,0.111,9.414,0.474,0.4593000000000001,0.464,9.004,0.533
2021-04-06,MRNA,1.8949,0.018,2.822,0.16,1.1736,0.0,3.464,0.536
2021-04-06,PFE,0.9941,0.027,0.836,0.137,0.0,0.0,1.0,0.0
2021-04-07,AZN,0.5236,0.227,10.548,0.22400000000000003,0.09599999999999997,1.1629999999999998,8.91,0.928
2021-04-07,MRNA,0.0,0.0,1.0,0.0,-0.296,0.145,0.855,0.0
2021-04-07,PFE,-0.8652,0.18,2.702,0.11699999999999999,-0.9223,0.502,2.262,0.235
2021-04-08,AZN,1.5083,0.038,4.822,0.13999999999999999,0.3746999999999999,0.19,4.503,0.30700000000000005
2021-04-08,MRNA,1.7429000000000001,0.077,1.755,0.168,0.4019,0.0,1.8159999999999998,0.184
2021-04-08,PFE,-0.4328,0.063,0.861,0.075,-0.3612,0.249,1.611,0.14
2021-04-09,AZN,-0.3085,0.13,4.779,0.09,0.3948,0.196,4.416,0.388
2021-04-09,JNJ,0.0,0.0,3.0,0.0,0.296,0.083,2.752,0.165
2021-04-09,MRNA,0.0,0.0,1.0,0.0,0.296,0.0,1.959,0.041
2021-04-09,PFE,1.5685,0.265,4.349,0.385,-1.0292999999999999,0.451,4.442,0.107
2021-04-10,AZN,0.987,0.052,0.842,0.106,0.0,0.0,1.0,0.0
2021-04-10,JNJ,-0.8847,0.072,0.89,0.038,0.0,0.0,1.0,0.0
2021-04-10,PFE,0.9958,0.002,0.876,0.122,0.0,0.0,1.0,0.0
2021-04-12,AZN,0.6522000000000001,0.085,4.821,0.095,-0.3083,0.256,5.433,0.31
2021-04-12,JNJ,0.743,0.036,1.883,0.081,-0.765,0.355,1.645,0.0
2021-04-12,MRNA,0.7725,0.037,3.909,0.055,0.6238,0.04,4.706,0.254
2021-04-12,PFE,0.0,0.0,1.0,0.0,0.3034,0.116,1.6509999999999998,0.233
2021-04-13,JNJ,-0.7678,0.29400000000000004,11.447,0.259,-0.14629999999999999,0.523,11.144,0.333
2021-04-13,MRNA,0.9625,0.02,1.854,0.125,0.37029999999999996,0.12,2.682,0.198
2021-04-14,AZN,0.3848999999999999,0.155,2.641,0.204,0.19240000000000007,0.284,2.3,0.41600000000000004
2021-04-14,JNJ,0.0516,0.061,6.859,0.081,-0.46509999999999996,0.434,6.274,0.293
2021-04-14,MRNA,2.0901,0.08000000000000002,3.709,0.211,-1.3058999999999998,0.487,4.3149999999999995,0.199
2021-04-15,AZN,0.0,0.0,4.0,0.0,0.5948,0.155,4.468,0.377
2021-04-15,JNJ,0.9954,0.025,0.89,0.084,0.0,0.0,1.0,0.0
2021-04-15,MRNA,0.5102,0.146,1.79,0.064,-0.3612,0.2,1.8,0.0
2021-04-15,PFE,0.0,0.0,1.0,0.0,0.0,0.0,1.0,0.0
2021-04-16,AZN,0.6792,0.049,4.891,0.061,0.0,0.0,5.0,0.0
2021-04-16,MRNA,0.0,0.0,4.0,0.0,0.23740000000000006,0.139,5.6979999999999995,0.163
2021-04-16,PFE,0.9896,0.035,0.902,0.063,0.4939,0.0,0.758,0.242
2021-04-17,MRNA,-0.2263,0.046,0.906,0.048,0.0,0.0,1.0,0.0
2021-04-18,JNJ,0.9976,0.022,0.839,0.139,0.1779,0.0,1.866,0.134
2021-04-18,PFE,0.9531,0.047,0.883,0.07,-0.4767,0.307,0.693,0.0
2021-04-19,AZN,0.08319999999999994,0.171,4.625,0.20400000000000001,0.9057,0.179,4.399,0.422
2021-04-19,JNJ,0.3788,0.2,6.561,0.239,1.1886,0.0,6.303999999999999,0.696
2021-04-19,MRNA,0.0,0.0,0.0,0.0,0.6705,0.079,0.645,0.276
2021-04-19,PFE,0.9741,0.018,1.8719999999999999,0.11,0.0,0.0,2.0,0.0
2021-04-20,AZN,0.9771,0.006,2.863,0.131,0.3612,0.0,2.848,0.152
2021-04-20,JNJ,4.7132,0.16099999999999998,9.171,0.669,0.4841,0.31699999999999995,11.237,0.44599999999999995
2021-04-21,AZN,0.7939999999999998,0.209,4.585,0.207,-0.2881999999999999,0.304,4.525,0.171
2021-04-21,JNJ,0.0231,0.029,5.939,0.031,0.7421000000000001,0.155,6.419,0.42600000000000005
2021-04-21,MRNA,0.8834,0.014,0.878,0.108,0.8484,0.0,1.6520000000000001,0.348
2021-04-21,PFE,0.872,0.025,0.908,0.067,0.0,0.0,1.0,0.0
2021-04-22,AZN,2.6737,0.174,4.54,0.28700000000000003,0.6315,0.22699999999999998,4.219,0.5539999999999999
2021-04-22,MRNA,0.9782,0.0,0.876,0.124,0.4765,0.118,3.325,0.5569999999999999
2021-04-22,PFE,-0.9774,0.138,1.783,0.079,-0.04400000000000004,0.179,1.666,0.155
2021-04-23,AZN,1.2512,0.065,4.823,0.112,-0.4541,0.43699999999999994,5.340000000000001,0.222
2021-04-23,JNJ,0.8016,0.023,2.9379999999999997,0.039,0.8122,0.068,2.633,0.298
2021-04-23,MRNA,2.5187999999999997,0.039,4.681,0.281,0.5205,0.0,4.737,0.263
2021-04-23,PFE,0.0,0.0,1.0,0.0,0.0,0.0,1.0,0.0
2021-04-24,JNJ,0.16790000000000005,0.071,1.7959999999999998,0.132,0.1027,0.0,1.877,0.123
2021-04-24,PFE,0.0,0.0,1.0,0.0,0.6369,0.0,0.864,0.136
2021-04-25,AZN,0.0,0.0,1.0,0.0,0.0,0.0,1.0,0.0
2021-04-25,MRNA,0.9934,0.033,0.856,0.111,0.0,0.0,1.0,0.0
2021-04-26,AZN,3.7178,0.15899999999999997,6.362,0.479,0.5005999999999999,0.174,6.542999999999999,0.283
2021-04-26,JNJ,2.8581,0.066,3.547,0.387,0.0772,0.093,3.802,0.105
2021-04-26,MRNA,1.8538000000000001,0.035,2.775,0.189,0.0,0.0,4.0,0.0
2021-04-27,AZN,-0.5121,0.14700000000000002,5.695,0.158,1.3962999999999997,0.178,4.783,1.039
2021-04-27,JNJ,0.9001,0.058,3.838,0.103,0.6249,0.0,3.662,0.338
2021-04-27,MRNA,1.8782999999999999,0.02,1.74,0.24,0.6124,0.0,2.615,0.385
2021-04-27,PFE,0.8481,0.034,1.9020000000000001,0.064,0.5859,0.0,1.7890000000000001,0.211
2021-04-28,AZN,0.0,0.0,2.0,0.0,0.0,0.0,2.0,0.0
2021-04-28,JNJ,-0.3911,0.08,1.863,0.057,-0.6597,0.286,1.714,0.0
2021-04-28,MRNA,1.9176,0.033,3.7840000000000003,0.182,1.0350000000000001,0.0,3.676,0.324
2021-04-28,PFE,1.9219,0.093,1.718,0.189,-0.8383,0.468,2.532,0.0
2021-04-29,AZN,1.5452,0.013,4.865,0.122,-0.41280000000000006,0.33299999999999996,4.388999999999999,0.278
2021-04-29,JNJ,0.0,0.0,1.0,0.0,0.4767,0.0,0.795,0.205
2021-04-29,MRNA,1.854,0.041,1.8130000000000002,0.14600000000000002,0.2023,0.0,1.893,0.107
2021-04-30,AZN,3.9220999999999995,0.259,8.221,0.52,0.9125000000000001,0.224,9.088,0.687
2021-04-30,MRNA,0.0,0.0,0.0,0.0,0.7717,0.0,0.749,0.251
2021-04-30,PFE,1.7062,0.112,3.7,0.188,0.24729999999999996,0.11,3.6570000000000005,0.23299999999999998
2021-05-01,AZN,-0.9605,0.068,0.866,0.067,0.0,0.0,1.0,0.0
2021-05-01,MRNA,0.4404,0.015,0.966,0.019,0.0,0.0,1.0,0.0
2021-05-03,AZN,2.0069999999999997,0.231,3.31,0.45899999999999996,0.0,0.0,4.0,0.0
2021-05-03,JNJ,0.9781,0.031,0.92,0.049,0.4939,0.0,0.738,0.262
2021-05-03,MRNA,2.6211,0.07400000000000001,2.7119999999999997,0.21300000000000002,0.8288,0.164,3.509,0.327
2021-05-03,PFE,1.641,0.043000000000000003,4.781,0.177,0.6861,0.241,5.334,0.425
2021-05-04,AZN,-0.3164,0.091,0.826,0.083,0.4215,0.0,0.763,0.237
2021-05-04,MRNA,3.177,0.08900000000000001,4.639,0.273,0.1022,0.23500000000000001,4.507,0.258
2021-05-04,PFE,1.8245,0.12,6.454,0.426,-0.5719,0.252,8.748000000000001,0.0
2021-05-05,AZN,0.946,0.022,2.898,0.08,-0.3616,0.392,3.186,0.423
2021-05-05,JNJ,0.9892,0.014,0.903,0.082,0.0,0.0,1.0,0.0
2021-05-05,MRNA,0.0,0.0,1.0,0.0,0.0,0.0,1.0,0.0
2021-05-05,PFE,1.3144,0.27899999999999997,6.293000000000001,0.428,-0.44470000000000004,0.8460000000000001,7.717,0.437
2021-05-06,AZN,0.7845,0.063,0.852,0.084,-0.0516,0.091,0.909,0.0
2021-05-06,MRNA,5.0705,0.178,8.215,0.6080000000000001,1.0871,0.365,10.064,0.5700000000000001
2021-05-06,PFE,0.0,0.0,1.0,0.0,0.296,0.086,2.742,0.172
2021-05-07,AZN,0.9711,0.11,2.729,0.162,-1.5526,0.684,3.1319999999999997,0.185
2021-05-07,JNJ,0.0,0.0,1.0,0.0,0.3612,0.0,0.865,0.135
2021-05-07,MRNA,0.8678,0.226,5.551,0.22299999999999998,-0.1989,0.253,5.625,0.122
2021-05-07,PFE,1.8228,0.062,3.784,0.154,1.0306,0.0,3.529,0.47100000000000003
2021-05-08,PFE,0.9867,0.052,0.846,0.102,0.1779,0.0,0.884,0.116
2021-05-09,AZN,0.6249,0.017,0.961,0.022,0.0258,0.0,0.922,0.078
2021-05-10,AZN,0.9727999999999999,0.20299999999999999,5.517,0.279,-0.4767,0.28,5.573,0.146
2021-05-10,MRNA,0.7548,0.083,0.814,0.103,0.0,0.0,1.0,0.0
2021-05-10,PFE,3.8202999999999996,0.161,6.397,0.444,-0.4928,0.6539999999999999,5.792000000000001,0.5549999999999999
2021-05-11,AZN,0.5399,0.066,5.857,0.077,0.005199999999999982,0.36,6.369000000000001,0.271
2021-05-11,MRNA,0.9909,0.0,0.895,0.105,0.0,0.0,1.0,0.0
2021-05-11,PFE,2.2222,0.118,3.5740000000000003,0.309,-0.43920000000000003,0.358,3.38,0.262
2021-05-12,AZN,0.9432,0.009,1.9020000000000001,0.089,0.0,0.0,2.0,0.0
2021-05-12,JNJ,-0.4215,0.061,2.891,0.048,-0.4588,0.25,3.75,0.0
2021-05-12,MRNA,1.7850000000000001,0.033,1.822,0.14500000000000002,-0.131,0.356,2.351,0.293
2021-05-12,PFE,1.5506000000000002,0.049,4.827,0.123,0.592,0.0,5.773,0.227
2021-05-13,AZN,0.7096,0.059,0.867,0.074,0.0,0.0,1.0,0.0
2021-05-13,JNJ,1.9544000000000001,0.053000000000000005,2.667,0.28,0.4667,0.0,2.7119999999999997,0.288
2021-05-13,MRNA,0.0,0.0,2.0,0.0,-0.1779,0.248,1.571,0.181
2021-05-13,PFE,-0.9161,0.114,1.812,0.073,-0.0516,0.107,1.893,0.0
2021-05-14,AZN,0.9684,0.031,0.916,0.053,-0.25,0.106,0.833,0.06
2021-05-14,MRNA,0.0,0.0,1.0,0.0,0.3612,0.0,1.889,0.111
2021-05-14,PFE,1.7449,0.034,2.8449999999999998,0.121,0.8121,0.0,2.667,0.33299999999999996
2021-05-15,MRNA,0.5647,0.019,0.953,0.028,0.0,0.0,1.0,0.0
2021-05-16,AZN,0.9868,0.037,0.852,0.111,0.0,0.0,1.0,0.0
2021-05-16,JNJ,-0.8195,0.063,0.889,0.049,0.0,0.0,1.0,0.0
2021-05-16,MRNA,0.9711,0.015,0.938,0.047,-0.4767,0.193,0.807,0.0
2021-05-17,AZN,-0.5638000000000001,0.1,3.859,0.041999999999999996,0.030800000000000022,0.359,3.4190000000000005,0.22199999999999998
2021-05-17,JNJ,0.0675,0.07,2.847,0.083,-0.296,0.242,2.542,0.216
2021-05-17,MRNA,0.0,0.0,1.0,0.0,0.0,0.126,1.7469999999999999,0.126
2021-05-17,PFE,0.975,0.078,1.776,0.146,-0.34,0.255,1.745,0.0
2021-05-18,AZN,2.8167999999999997,0.098,5.555000000000001,0.34700000000000003,-0.3029,0.498,5.156,0.34600000000000003
2021-05-18,JNJ,0.296,0.0,0.981,0.019,0.0,0.0,1.0,0.0
2021-05-19,AZN,1.4895,0.122,5.686,0.191,2.2429,0.102,4.766,1.131
2021-05-19,JNJ,1.9205,0.054,3.742,0.20500000000000002,-0.374,0.237,3.585,0.178
2021-05-19,MRNA,1.8183,0.07300000000000001,1.74,0.188,-0.0774,0.153,1.847,0.0
2021-05-19,PFE,1.8170000000000002,0.029,2.749,0.22200000000000003,0.0,0.0,3.0,0.0
2021-05-20,AZN,0.0,0.0,2.0,0.0,0.4019,0.0,1.649,0.351
2021-05-20,MRNA,0.875,0.0,1.812,0.188,1.0669,0.0,2.4530000000000003,0.5469999999999999
2021-05-20,PFE,1.2195999999999998,0.181,6.5089999999999995,0.31000000000000005,1.1978000000000002,0.52,6.5809999999999995,0.899
2021-05-21,AZN,2.1064000000000003,0.088,3.6189999999999998,0.292,-0.7806,0.508,3.3670000000000004,0.125
2021-05-21,JNJ,2.8848,0.013000000000000001,3.627,0.36,1.8673000000000002,0.152,3.856,0.9910000000000001
2021-05-21,MRNA,3.4797,0.133,4.546,0.321,-0.11809999999999998,0.367,4.402,0.231
2021-05-21,PFE,0.0,0.0,1.0,0.0,0.4215,0.0,0.899,0.101
2021-05-22,JNJ,0.9413,0.0,0.893,0.107,0.296,0.0,0.833,0.167
2021-05-23,MRNA,-0.9565,0.054,0.933,0.014,0.0,0.0,1.0,0.0
2021-05-24,AZN,1.9743,0.034999999999999996,1.7,0.265,0.4767,0.0,1.78,0.22
2021-05-24,JNJ,3.8931,0.10400000000000001,4.343999999999999,0.553,0.5319,0.219,4.099,0.682
2021-05-24,MRNA,3.6538000000000004,0.033,3.604,0.36200000000000004,0.2263,0.0,3.9459999999999997,0.054
2021-05-24,PFE,0.9432,0.0,0.897,0.103,0.0,0.0,2.0,0.0
2021-05-25,AZN,1.6076000000000001,0.015,3.847,0.139,0.0,0.0,4.0,0.0
2021-05-25,MRNA,1.8622999999999998,0.158,6.517,0.32299999999999995,0.4588,0.21300000000000002,8.429,0.35800000000000004
2021-05-25,PFE,0.9413,0.04,0.901,0.06,0.0,0.0,1.0,0.0
2021-05-26,AZN,0.7732999999999998,0.132,4.5920000000000005,0.276,0.11210000000000003,0.224,4.609,0.167
2021-05-26,JNJ,-0.2962,0.087,1.831,0.082,-0.6705,0.333,1.667,0.0
2021-05-26,MRNA,0.8442,0.0,0.906,0.094,0.6597,0.0,1.838,0.162
2021-05-26,PFE,0.7885,0.032,2.852,0.116,0.5716000000000001,0.178,2.381,0.441
2021-05-27,AZN,0.9681,0.032,0.841,0.127,0.2732,0.0,0.884,0.116
2021-05-27,JNJ,2.3205999999999998,0.109,2.649,0.242,0.9481999999999999,0.0,2.67,0.32999999999999996
2021-05-27,MRNA,0.9584,0.0,0.925,0.075,0.0,0.0,1.0,0.0
2021-05-27,PFE,0.9198999999999999,0.176,4.561,0.264,1.5584000000000002,0.0,4.065,0.9349999999999999
2021-05-28,AZN,0.9845,0.27699999999999997,3.3930000000000002,0.33,-0.5635,0.8059999999999999,2.514,0.6789999999999999
2021-05-28,JNJ,0.5859,0.081,1.794,0.125,0.19519999999999998,0.09,2.539,0.371
2021-05-28,MRNA,0.0,0.0,1.0,0.0,0.296,0.0,1.804,0.196
2021-05-28,PFE,1.4527999999999999,0.028,2.859,0.112,0.5875,0.0,2.7199999999999998,0.28
2021-05-29,MRNA,0.7783,0.009,0.948,0.043,0.4215,0.0,0.797,0.203
2021-06-01,AZN,1.8509,0.092,1.71,0.198,0.2382,0.0,1.822,0.178
2021-06-01,JNJ,0.905,0.15200000000000002,4.655,0.192,1.0463999999999998,0.708,4.254,1.038
2021-06-01,MRNA,0.9944000000000001,0.013,1.814,0.173,0.4939,0.0,1.802,0.198
2021-06-01,PFE,0.994,0.026,1.896,0.079,0.12270000000000003,0.205,1.5710000000000002,0.224
2021-06-02,AZN,0.618,0.217,4.438,0.345,2.0257,0.0,4.174,0.826
2021-06-02,MRNA,6.151500000000001,0.192,7.982000000000001,0.8260000000000001,2.0712,0.0,9.277999999999999,0.722
2021-06-03,AZN,0.6656000000000001,0.152,4.619,0.22799999999999998,-0.5684999999999999,0.41700000000000004,4.117,0.466
2021-06-03,MRNA,1.9935,0.073,1.709,0.217,0.8225,0.0,2.783,0.217
2021-06-04,AZN,1.8263000000000003,0.35600000000000004,6.114999999999999,0.53,-2.0911999999999997,1.039,5.667,0.295
2021-06-04,MRNA,0.9999,0.025,0.852,0.123,0.296,0.0,1.8199999999999998,0.18
2021-06-04,PFE,0.0,0.0,3.0,0.0,0.7506,0.0,2.726,0.274
2021-06-07,AZN,1.9687,0.08099999999999999,1.721,0.198,0.4823,0.357,2.231,0.41200000000000003
2021-06-07,JNJ,0.8902,0.018,0.918,0.064,-0.6597,0.286,0.714,0.0
2021-06-07,MRNA,5.8476,0.17300000000000001,6.1049999999999995,0.723,2.4007,0.05,6.794,1.1560000000000001
2021-06-07,PFE,1.2306,0.069,1.8010000000000002,0.131,0.8808,0.0,1.656,0.344
2021-06-08,AZN,0.0,0.0,1.0,0.0,0.0,0.0,1.0,0.0
2021-06-08,MRNA,3.5648,0.12,4.543,0.33899999999999997,0.5574,0.0,4.825,0.175
2021-06-08,PFE,0.9978,0.059,3.799,0.142,0.8056000000000001,0.061,3.4770000000000003,0.46199999999999997
2021-06-09,JNJ,0.9524,0.0,2.896,0.104,-0.4019,0.172,2.828,0.0
2021-06-09,MRNA,0.6214,0.08,1.78,0.14,0.0,0.0,2.0,0.0
2021-06-09,PFE,0.6776,0.087,2.766,0.14700000000000002,0.7956000000000001,0.0,2.646,0.354
2021-06-10,JNJ,0.0,0.0,2.0,0.0,0.128,0.0,1.857,0.143
2021-06-10,MRNA,0.8833,0.045,2.753,0.202,-0.33310000000000006,0.703,4.8919999999999995,0.405
2021-06-10,PFE,1.1432,0.135,3.641,0.223,-0.5423,0.212,3.7880000000000003,0.0
2021-06-11,AZN,0.0,0.0,1.0,0.0,0.3182,0.0,0.897,0.103
2021-06-11,JNJ,1.7371,0.103,5.728,0.16899999999999998,2.2790999999999997,0.079,5.051,0.869
2021-06-11,MRNA,0.9952,0.0,4.855,0.145,1.0825,0.128,4.533,0.33899999999999997
2021-06-11,PFE,0.0,0.0,3.0,0.0,0.4621999999999999,0.153,2.34,0.507
2021-06-12,MRNA,0.9951,0.044,0.835,0.121,0.1779,0.0,0.884,0.116
2021-06-13,PFE,1.3548,0.037,1.828,0.136,0.0,0.0,2.0,0.0
2021-06-14,AZN,0.0,0.0,1.0,0.0,0.8519,0.0,0.729,0.271
2021-06-14,JNJ,-0.4567,0.14400000000000002,1.7570000000000001,0.1,0.0,0.0,2.0,0.0
2021-06-14,MRNA,1.8817,0.11,1.717,0.173,0.5574,0.092,3.667,0.242
2021-06-14,PFE,0.7096,0.058,0.861,0.081,0.4404,0.207,0.473,0.32
2021-06-15,AZN,-0.00770000000000004,0.34700000000000003,4.329000000000001,0.325,-0.6627,0.614,4.17,0.216
2021-06-15,JNJ,0.4939,0.05,1.861,0.089,0.0,0.0,2.0,0.0
2021-06-15,MRNA,0.0,0.0,1.0,0.0,1.1998,0.132,1.4060000000000001,0.462
2021-06-16,AZN,0.5574,0.0,0.973,0.027,0.0,0.0,1.0,0.0
2021-06-16,JNJ,0.1363,0.027,0.942,0.031,0.0,0.0,1.0,0.0
2021-06-16,MRNA,1.8567,0.03,1.8170000000000002,0.152,-0.3612,0.161,1.839,0.0
2021-06-16,PFE,0.6449,0.082,0.83,0.088,0.0,0.0,1.0,0.0
2021-06-17,AZN,0.0,0.0,2.0,0.0,0.6142,0.058,2.684,0.258
2021-06-17,MRNA,0.29580000000000006,0.064,2.835,0.101,0.08579999999999999,0.145,2.6879999999999997,0.167
2021-06-17,PFE,0.979,0.209,5.621,0.16899999999999998,-0.7078,0.5960000000000001,5.004,0.4
2021-06-18,AZN,-0.4767,0.056,1.917,0.028,0.6825,0.32599999999999996,1.946,0.728
2021-06-18,MRNA,0.0,0.0,0.0,0.0,0.7783,0.0,0.729,0.271
2021-06-21,MRNA,1.9141,0.027,1.779,0.194,0.5445,0.098,2.587,0.315
2021-06-21,PFE,3.8853,0.126,3.4410000000000003,0.43300000000000005,0.9154,0.0,3.539,0.46099999999999997
2021-06-22,AZN,1.8417000000000001,0.14700000000000002,3.6029999999999998,0.25,0.7175,0.175,3.294,0.53
2021-06-22,JNJ,1.8727,0.039,1.795,0.164,0.0,0.0,2.0,0.0
2021-06-22,MRNA,0.3147000000000001,0.162,2.549,0.29,0.296,0.0,4.905,0.095
2021-06-22,PFE,3.6431,0.14600000000000002,3.535,0.319,-0.47100000000000003,0.493,3.375,0.132
2021-06-23,AZN,1.9876,0.08099999999999999,2.713,0.20500000000000002,-0.06359999999999999,0.31,2.409,0.281
2021-06-23,JNJ,0.0,0.0,1.0,0.0,0.6705,0.0,0.711,0.289
2021-06-23,MRNA,0.8126,0.026,5.918,0.056,0.10920000000000002,0.314,6.444000000000001,0.242
2021-06-23,PFE,0.9932,0.024,0.832,0.144,-0.35629999999999995,0.188,1.629,0.183
2021-06-24,AZN,-0.9553999999999999,0.276,4.426,0.298,-1.0756999999999999,0.517,4.2059999999999995,0.277
2021-06-24,JNJ,0.9942,0.029,1.833,0.137,0.2808,0.0,1.8940000000000001,0.106
2021-06-24,MRNA,1.0622,0.07500000000000001,3.77,0.155,0.739,0.047,4.564,0.389
2021-06-24,PFE,0.9942,0.029,2.833,0.138,0.009799999999999975,0.246,2.516,0.238
2021-06-25,AZN,0.3013,0.095,1.774,0.132,0.9176,0.0,1.6019999999999999,0.398
2021-06-25,JNJ,0.0,0.0,1.0,0.0,0.6124,0.0,0.583,0.417
2021-06-25,PFE,1.7126000000000001,0.09,1.693,0.217,-0.3062,0.248,1.752,0.0
2021-06-26,JNJ,-0.6082000000000001,0.105,1.415,0.48,-0.0511,0.062,1.859,0.079
2021-06-27,AZN,0.9578,0.0,0.921,0.079,0.0,0.0,1.0,0.0
2021-06-27,MRNA,0.7506,0.052,0.885,0.064,0.0,0.0,1.0,0.0
2021-06-28,AZN,3.5837000000000003,0.188,7.37,0.441,3.4444999999999997,0.203,6.313999999999999,1.484
2021-06-28,JNJ,3.1704,0.121,3.497,0.381,-0.3696,0.371,3.511,0.118
2021-06-28,MRNA,0.819,0.135,1.709,0.156,-0.5207,0.52,2.2640000000000002,0.216
2021-06-29,AZN,0.2759,0.081,1.818,0.102,-0.3818,0.167,1.833,0.0
2021-06-29,JNJ,0.15549999999999997,0.114,2.753,0.132,0.6854,0.0,2.623,0.377
2021-06-29,MRNA,2.1774,0.047,2.7769999999999997,0.176,0.14289999999999997,0.157,4.624,0.219
2021-06-30,JNJ,0.9942,0.029,0.833,0.138,0.0,0.0,1.0,0.0
2021-06-30,MRNA,3.7760000000000002,0.111,4.479,0.41000000000000003,0.49689999999999995,0.158,5.352,0.49
2021-07-01,AZN,0.889,0.037,2.91,0.053,-1.1568,0.318,2.682,0.0
2021-07-01,JNJ,0.9952,0.023,1.83,0.147,0.0,0.0,2.0,0.0
2021-07-01,MRNA,3.0813,0.118,3.443,0.43700000000000006,0.0,0.0,4.0,0.0
2021-07-01,PFE,3.9316999999999998,0.073,3.494,0.43200000000000005,0.6597,0.0,4.787,0.213
2021-07-02,AZN,0.0,0.0,1.0,0.0,0.0,0.0,2.0,0.0
2021-07-02,JNJ,1.9842,0.063,4.711,0.227,0.23510000000000003,0.095,4.757,0.148
2021-07-02,MRNA,1.9575,0.072,1.676,0.252,0.0,0.0,2.0,0.0
2021-07-02,PFE,0.9943,0.057,2.787,0.156,0.07130000000000003,0.369,2.388,0.243
2021-07-06,AZN,2.6304,0.045,2.675,0.28,0.296,0.0,2.864,0.136
2021-07-06,JNJ,2.5282,0.085,2.656,0.259,0.0,0.0,3.0,0.0
2021-07-06,MRNA,0.9933,0.031,1.835,0.134,0.0,0.0,2.0,0.0
2021-07-06,PFE,0.9938,0.027,1.837,0.136,-0.2263,0.071,1.929,0.0
2021-07-07,AZN,3.4107999999999996,0.081,4.403,0.516,0.1779,0.0,4.779,0.221
2021-07-07,JNJ,0.8315,0.055999999999999994,1.7919999999999998,0.152,0.2732,0.0,1.811,0.189
2021-07-07,MRNA,-1.4661000000000002,0.381,4.165,0.453,-0.02059999999999995,0.372,4.241,0.387
2021-07-07,PFE,2.891,0.078,2.592,0.33,0.1779,0.0,2.876,0.124
2021-07-08,AZN,5.3982,0.362,7.666,0.9720000000000001,0.2731000000000001,0.725,7.436,0.8410000000000001
2021-07-08,JNJ,1.6954,0.046,1.724,0.22999999999999998,0.0,0.0,2.0,0.0
2021-07-08,MRNA,1.8786999999999998,0.029,1.708,0.263,0.0,0.0,2.0,0.0
2021-07-08,PFE,0.9926,0.011,1.8519999999999999,0.137,-0.06680000000000003,0.167,1.738,0.095
2021-07-09,AZN,0.09660000000000002,0.1,3.8080000000000003,0.092,1.8192000000000002,0.0,4.499,0.501
2021-07-09,JNJ,1.6542,0.067,2.716,0.21700000000000003,0.4802,0.08,2.5629999999999997,0.358
2021-07-09,MRNA,1.0963,0.067,1.7650000000000001,0.167,-0.128,0.13,1.87,0.0
2021-07-09,PFE,0.19019999999999992,0.07100000000000001,2.7720000000000002,0.156,0.4215,0.0,2.903,0.097
2021-07-10,MRNA,0.9012,0.056,0.864,0.08,0.0,0.0,1.0,0.0
2021-07-11,AZN,2.2614,0.10599999999999998,2.689,0.205,0.0772,0.0,2.915,0.085
2021-07-11,MRNA,0.8844,0.045,0.811,0.144,0.0,0.0,1.0,0.0
2021-07-12,AZN,-0.9661,0.15,0.781,0.069,0.0,0.0,1.0,0.0
2021-07-12,JNJ,1.9278,0.039,4.711,0.25,0.05069999999999998,0.38799999999999996,4.161,0.45099999999999996
2021-07-12,MRNA,5.2535,0.16999999999999998,5.274,0.555,1.1707999999999998,0.256,6.138,0.606
2021-07-12,PFE,1.994,0.039,1.736,0.22399999999999998,0.0,0.0,2.0,0.0
2021-07-13,AZN,2.6622,0.13,3.526,0.344,0.4215,0.0,3.781,0.219
2021-07-13,JNJ,1.3757,0.081,1.776,0.14300000000000002,-0.0675,0.317,1.524,0.159
2021-07-13,MRNA,-0.9874,0.186,0.76,0.054,-0.34,0.167,0.833,0.0
2021-07-13,PFE,-0.25,0.056,0.895,0.049,0.0,0.0,1.0,0.0
2021-07-14,AZN,2.7641,0.139,3.528,0.332,0.1531,0.0,3.849,0.151
2021-07-14,JNJ,0.9932,0.027,0.841,0.132,0.0,0.0,1.0,0.0
2021-07-14,MRNA,1.9358,0.08399999999999999,1.722,0.194,0.3612,0.0,1.8,0.2
2021-07-14,PFE,1.3827,0.093,1.6869999999999998,0.22,0.0,0.0,2.0,0.0
2021-07-15,AZN,1.9921,0.046,1.725,0.229,0.2263,0.0,1.838,0.162
2021-07-15,JNJ,-0.5719,0.082,0.861,0.057,0.0,0.0,1.0,0.0
2021-07-15,MRNA,3.9726999999999997,0.128,5.457999999999999,0.414,0.38680000000000003,0.137,5.55,0.313
2021-07-15,PFE,0.9933,0.03,0.837,0.132,0.0,0.0,1.0,0.0
2021-07-16,AZN,2.725,0.196,3.446,0.358,0.009499999999999953,0.41100000000000003,2.957,0.632
2021-07-16,JNJ,0.6034,0.027,0.921,0.052,0.0,0.0,1.0,0.0
2021-07-16,MRNA,6.8542000000000005,0.159,5.872999999999999,0.968,1.7211999999999998,0.0,7.15,0.85
2021-07-16,PFE,0.9448,0.077,1.812,0.111,0.0772,0.256,1.5430000000000001,0.202
2021-07-18,JNJ,0.9704,0.036,0.884,0.08,-0.4588,0.174,1.826,0.0
2021-07-18,MRNA,1.6154,0.04,1.839,0.121,0.0772,0.0,1.925,0.075
2021-07-19,AZN,2.2828,0.237,4.364,0.399,-0.6041,0.617,3.904,0.479
2021-07-19,JNJ,-0.8386,0.341,2.404,0.255,-0.683,0.594,2.3070000000000004,0.099
2021-07-19,MRNA,2.5453,0.082,3.6209999999999996,0.297,0.8259000000000001,0.121,4.3629999999999995,0.516
2021-07-19,PFE,1.8628,0.067,1.6760000000000002,0.257,0.1531,0.167,1.6139999999999999,0.219
2021-07-20,AZN,0.9945,0.03,1.83,0.141,0.128,0.131,1.71,0.158
2021-07-20,JNJ,3.2693999999999996,0.129,3.452,0.41700000000000004,-0.1027,0.104,3.896,0.0
2021-07-20,MRNA,5.7469,0.132,5.2139999999999995,0.6529999999999999,1.0866,0.431,7.811999999999999,0.7569999999999999
2021-07-21,AZN,0.8979,0.027,0.886,0.087,0.0,0.0,2.0,0.0
2021-07-21,JNJ,4.5294,0.097,7.289,0.613,0.8555,0.0,9.46,0.54
2021-07-21,MRNA,0.9186,0.024,0.928,0.047,-0.1779,0.105,0.822,0.073
2021-07-21,PFE,0.6334,0.039,1.8559999999999999,0.105,-0.128,0.143,1.857,0.0
2021-07-22,AZN,0.0,0.0,2.0,0.0,0.6142,0.0,1.788,0.212
2021-07-22,JNJ,-1.5636999999999999,0.16,4.73,0.11100000000000002,-0.8678999999999999,0.41000000000000003,4.505000000000001,0.086
2021-07-22,MRNA,1.8245,0.0,2.608,0.392,0.40020000000000006,0.104,2.683,0.21300000000000002
2021-07-22,PFE,2.6025,0.28800000000000003,4.204000000000001,0.508,-1.1763,0.471,4.3469999999999995,0.182
2021-07-23,AZN,2.8789,0.053,3.545,0.402,1.5253,0.0,3.36,0.64
2021-07-23,JNJ,0.9958,0.063,1.8279999999999998,0.109,0.8992,0.0,1.564,0.436
2021-07-23,MRNA,0.91,0.0,1.8820000000000001,0.118,0.0258,0.0,1.891,0.109
2021-07-23,PFE,0.5905,0.22699999999999998,5.533,0.241,-0.5673,0.44499999999999995,6.0920000000000005,0.46299999999999997
2021-07-25,AZN,0.0,0.0,0.0,0.0,0.296,0.0,0.833,0.167
2021-07-25,JNJ,0.9356,0.022,0.911,0.067,0.2732,0.0,0.851,0.149
2021-07-25,MRNA,0.9932,0.024,0.909,0.067,0.0,0.0,1.0,0.0
2021-07-26,AZN,3.0837,0.14800000000000002,3.419,0.434,0.08009999999999998,0.302,3.407,0.291
2021-07-26,JNJ,1.4424,0.068,1.734,0.197,0.0,0.0,2.0,0.0
2021-07-26,MRNA,2.785,0.087,6.587999999999999,0.325,1.3629,0.164,7.0440000000000005,0.792
2021-07-26,PFE,0.9836,0.006,0.898,0.096,0.0,0.0,1.0,0.0
2021-07-27,AZN,1.9148,0.08499999999999999,1.763,0.152,0.5574,0.0,1.841,0.159
2021-07-27,JNJ,1.8031000000000001,0.068,1.718,0.21300000000000002,0.0,0.0,2.0,0.0
2021-07-27,MRNA,1.4616,0.118,5.573,0.30900000000000005,-0.06289999999999996,0.513,6.741,0.745
2021-07-27,PFE,1.8984,0.088,1.7389999999999999,0.173,0.25,0.0,2.9050000000000002,0.095
2021-07-28,AZN,1.0908,0.097,1.759,0.14500000000000002,-0.4846,0.367,1.383,0.25
2021-07-28,PFE,6.8618,0.15600000000000003,10.133,0.7129999999999999,0.6518999999999999,0.218,12.422,0.36
2021-07-29,AZN,6.1646,0.21500000000000002,6.99,0.7969999999999999,-0.15389999999999998,0.158,8.686,0.156
2021-07-29,JNJ,2.025,0.129,2.5700000000000003,0.30000000000000004,-0.2023,0.141,2.859,0.0
2021-07-29,MRNA,0.8316,0.0,0.833,0.167,0.2023,0.0,0.886,0.114
2021-07-29,PFE,0.0,0.0,2.0,0.0,0.0,0.0,2.0,0.0
2021-07-30,JNJ,1.9888,0.039,2.785,0.176,0.4767,0.0,2.819,0.181
2021-07-30,MRNA,1.9932,0.083,1.66,0.257,0.0,0.266,1.4689999999999999,0.266
2021-07-30,PFE,1.4340000000000002,0.055,3.7640000000000002,0.181,0.0258,0.115,3.765,0.12
2021-08-01,AZN,0.8668,0.033,0.902,0.065,0.0,0.0,1.0,0.0
2021-08-01,MRNA,0.0,0.0,1.0,0.0,0.0,0.0,1.0,0.0
2021-08-01,PFE,1.8940000000000001,0.07100000000000001,1.8119999999999998,0.117,0.0772,0.0,1.944,0.056
2021-08-02,AZN,3.5214999999999996,0.211,4.388,0.4010000000000001,1.8005,0.149,3.916,0.9349999999999999
2021-08-02,MRNA,6.3307,0.11100000000000002,6.151999999999999,0.738,1.2351999999999999,0.282,6.837,0.881
2021-08-02,PFE,1.8323,0.064,1.786,0.15,0.3644,0.156,1.483,0.36
2021-08-03,JNJ,0.9851,0.0,0.855,0.145,0.0,0.0,2.0,0.0
2021-08-03,MRNA,5.1643,0.11900000000000001,5.406,0.47600000000000003,0.09200000000000003,0.114,6.737,0.149
2021-08-03,PFE,3.2315,0.08399999999999999,3.474,0.441,1.5863,0.0,5.289000000000001,0.711
2021-08-04,AZN,0.22319999999999995,0.078,2.779,0.14300000000000002,0.0,0.0,3.0,0.0
2021-08-04,JNJ,0.9952,0.023,0.831,0.146,0.0,0.0,1.0,0.0
2021-08-04,MRNA,5.8052,0.112,5.3,0.589,1.2288999999999999,0.113,7.435,0.452
2021-08-04,PFE,1.2319,0.131,2.632,0.23800000000000002,0.7506,0.145,2.477,0.378
2021-08-05,MRNA,6.022,0.29,9.036000000000001,0.6729999999999999,1.267,0.21,12.232999999999999,0.557
2021-08-05,PFE,-0.4939,0.069,0.875,0.056,-0.6908,0.328,1.601,0.071
2021-08-06,AZN,1.7094,0.06,2.807,0.132,0.32230000000000003,0.241,2.485,0.274
2021-08-06,JNJ,0.9948,0.026,1.8319999999999999,0.142,-0.1531,0.18,1.6640000000000001,0.156
2021-08-06,MRNA,3.2181999999999995,0.409,9.019,0.5710000000000001,0.18889999999999993,0.5619999999999999,8.715,0.7230000000000001
2021-08-07,MRNA,0.9668,0.04,0.872,0.088,0.1779,0.0,0.876,0.124
2021-08-08,MRNA,0.9914,0.012,0.947,0.042,0.0,0.0,1.0,0.0
2021-08-09,AZN,0.9451999999999999,0.254,2.418,0.328,1.0739,0.16,4.115,0.725
2021-08-09,MRNA,2.9316,0.124,4.394,0.482,0.7030000000000001,0.0,5.62,0.38
2021-08-09,PFE,1.4818,0.061,3.791,0.148,0.08939999999999998,0.155,3.41,0.43500000000000005
2021-08-10,MRNA,5.8431,0.279,10.132,0.5890000000000001,1.2784,0.059,12.428,0.513
2021-08-10,PFE,1.9243000000000001,0.1,1.607,0.29200000000000004,0.0,0.0,2.0,0.0
2021-08-11,AZN,1.9075,0.042,2.8040000000000003,0.154,0.843,0.258,2.284,0.457
2021-08-11,JNJ,0.9933,0.03,2.838,0.132,-0.1644,0.139,2.725,0.136
2021-08-11,MRNA,4.7689,0.097,5.303999999999999,0.5980000000000001,0.6962,0.0,5.6,0.39999999999999997
2021-08-11,PFE,1.9898,0.041999999999999996,1.688,0.271,1.3039,0.071,2.254,0.675
2021-08-12,AZN,-0.041999999999999926,0.229,4.590999999999999,0.181,-1.1126,0.5980000000000001,4.402,0.0
2021-08-12,JNJ,0.34,0.018,0.941,0.041,0.0,0.0,1.0,0.0
2021-08-12,MRNA,3.8385999999999996,0.14700000000000002,5.325,0.528,1.7915,0.0,7.319999999999999,0.6799999999999999
2021-08-12,PFE,0.0,0.0,0.0,0.0,0.0,0.0,1.0,0.0
2021-08-13,AZN,0.915,0.094,3.705,0.201,0.4404,0.0,3.775,0.225
2021-08-13,JNJ,1.9946,0.041,2.779,0.18,0.0,0.11,2.742,0.148
2021-08-13,MRNA,5.6471,0.281,7.002,0.715,1.8148,0.243,6.505,1.2530000000000001
2021-08-14,MRNA,0.9959,0.021,0.85,0.128,0.0,0.0,1.0,0.0
2021-08-14,PFE,0.9909,0.024,0.875,0.1,0.0,0.0,1.0,0.0
2021-08-15,MRNA,1.9192,0.048999999999999995,1.762,0.188,0.0,0.0,2.0,0.0
2021-08-16,JNJ,0.9985,0.031,1.845,0.123,0.6408,0.0,1.7650000000000001,0.235
2021-08-16,MRNA,5.8834,0.172,5.138,0.6920000000000001,1.1325,0.298,7.163,0.539
2021-08-16,PFE,3.5433000000000003,0.13599999999999998,4.340999999999999,0.524,2.1014999999999997,0.0,3.917,1.083
2021-08-17,AZN,0.0,0.0,1.0,0.0,0.0,0.0,1.0,0.0
2021-08-17,JNJ,3.8640999999999996,0.157,3.455,0.386,0.5859,0.0,3.625,0.375
2021-08-17,MRNA,2.751,0.132,3.588,0.281,-0.128,0.46599999999999997,4.268,0.266
2021-08-17,PFE,0.6808,0.016,0.921,0.063,0.296,0.0,1.885,0.115
2021-08-18,JNJ,0.9951,0.026,1.83,0.144,0.0,0.0,2.0,0.0
2021-08-18,MRNA,3.8482000000000003,0.073,7.453,0.474,1.1098000000000001,0.206,8.047,0.747
2021-08-18,PFE,2.4467999999999996,0.044,3.649,0.308,0.4767,0.0,3.8970000000000002,0.103
2021-08-19,AZN,1.7933,0.083,4.692,0.225,-0.4789999999999999,0.501,4.318,0.181
2021-08-19,JNJ,0.8332999999999999,0.122,2.643,0.235,0.1367,0.331,2.363,0.306
2021-08-19,MRNA,2.0328999999999997,0.187,2.401,0.41300000000000003,0.10409999999999997,0.24,2.372,0.388
2021-08-19,PFE,3.6029999999999998,0.07300000000000001,3.518,0.40900000000000003,-0.7845,0.247,3.753,0.0
2021-08-20,AZN,1.6393,0.27999999999999997,5.334999999999999,0.386,-0.7955000000000001,1.064,4.489,0.44599999999999995
2021-08-20,JNJ,3.8978,0.096,3.482,0.423,0.4215,0.0,3.865,0.135
2021-08-20,MRNA,1.5481,0.035,2.743,0.222,0.9119,0.0,2.59,0.41
2021-08-20,PFE,1.88,0.049,1.7429999999999999,0.207,0.0,0.0,2.0,0.0
2021-08-21,MRNA,0.9936,0.057,0.813,0.13,0.0,0.0,1.0,0.0
2021-08-21,PFE,0.9516,0.044,0.871,0.085,0.4767,0.0,0.838,0.162
2021-08-22,JNJ,0.5994,0.06,0.863,0.077,0.0,0.0,1.0,0.0
2021-08-23,MRNA,0.9894,0.015,0.85,0.134,0.0,0.0,1.0,0.0
2021-08-23,PFE,7.885000000000002,0.245,9.806,0.9479999999999998,1.2787000000000002,0.621,11.815999999999999,1.563
2021-08-24,JNJ,0.6652,0.045,1.8820000000000001,0.072,0.07480000000000003,0.316,1.447,0.237
2021-08-24,MRNA,1.9462,0.045,3.721,0.23399999999999999,1.1364,0.124,4.34,0.536
2021-08-24,PFE,5.4094,0.187,7.236,0.576,1.7623,0.175,7.031,0.795
2021-08-25,AZN,0.9213,0.022,1.8860000000000001,0.092,0.0,0.0,2.0,0.0
2021-08-25,JNJ,-0.3527,0.18,1.637,0.183,0.5994,0.0,1.692,0.308
2021-08-25,MRNA,1.7942,0.037,1.758,0.205,0.9557,0.0,4.554,0.44599999999999995
2021-08-25,PFE,4.5992999999999995,0.121,5.182,0.698,1.2122000000000002,0.0,5.379,0.621
2021-08-26,AZN,0.9428,0.015,0.866,0.119,0.3182,0.0,0.777,0.223
2021-08-26,JNJ,0.9981,0.013,2.8,0.187,0.5615,0.0,2.716,0.28400000000000003
2021-08-26,MRNA,-0.48509999999999986,0.107,4.665,0.228,0.2023,0.145,4.655,0.2
2021-08-26,PFE,5.5712,0.116,5.258,0.625,0.1689,0.208,5.602,0.19
2021-08-27,AZN,0.7889,0.033,1.9020000000000001,0.066,0.3182,0.114,1.7029999999999998,0.184
2021-08-27,JNJ,0.050999999999999934,0.16,1.713,0.127,-0.0743,0.21100000000000002,1.681,0.108
2021-08-27,MRNA,-0.15639999999999998,0.16,4.634,0.20600000000000002,-0.4070000000000001,0.644,4.9239999999999995,0.432
2021-08-27,PFE,3.6186,0.116,3.3920000000000003,0.492,0.5539000000000001,0.0,3.602,0.398
2021-08-28,PFE,0.9774,0.059,0.837,0.104,0.0,0.0,1.0,0.0
2021-08-29,MRNA,0.0,0.0,1.0,0.0,0.0,0.0,1.0,0.0
2021-08-29,PFE,1.9243000000000001,0.066,3.686,0.248,0.0,0.0,4.0,0.0
2021-08-30,JNJ,0.9386,0.034,0.848,0.117,0.0857,0.203,0.572,0.225
2021-08-30,MRNA,0.5558,0.20900000000000002,5.551,0.242,-0.6902999999999999,0.759,6.499,0.743
2021-08-30,PFE,3.3173999999999997,0.16899999999999998,5.4239999999999995,0.407,-0.537,0.423,5.353,0.224
2021-08-31,AZN,0.836,0.0,0.951,0.049,-0.3818,0.157,1.843,0.0
2021-08-31,JNJ,1.6083,0.188,2.576,0.236,-0.1531,0.167,2.833,0.0
2021-08-31,MRNA,0.6159,0.023,1.933,0.044,0.2732,0.0,1.851,0.149
2021-08-31,PFE,1.8039999999999998,0.006,2.738,0.256,0.6249,0.0,2.495,0.505
2021-09-01,AZN,0.0,0.0,4.0,0.0,-0.1027,0.2,3.625,0.175
2021-09-01,JNJ,0.6705,0.019,1.915,0.066,0.6827,0.0,1.621,0.379
2021-09-01,MRNA,1.5014999999999998,0.106,3.645,0.249,0.0897,0.214,4.478,0.308
2021-09-01,PFE,-0.13569999999999993,0.075,3.8339999999999996,0.091,0.21069999999999994,0.271,3.3120000000000003,0.41700000000000004
2021-09-02,AZN,0.0,0.0,1.0,0.0,0.0,0.0,1.0,0.0
2021-09-02,JNJ,0.0,0.0,1.0,0.0,0.0,0.0,1.0,0.0
2021-09-02,MRNA,3.8339999999999996,0.07700000000000001,5.593000000000001,0.33,0.8555,0.0,5.464,0.536
2021-09-02,PFE,0.9658,0.398,6.024,0.5760000000000001,0.08959999999999996,0.402,5.957,0.641
2021-09-03,AZN,3.1467,0.316,8.149000000000001,0.534,1.2124000000000001,0.329,7.595,1.076
2021-09-03,MRNA,-0.1531,0.037,1.936,0.027,0.6249,0.0,1.866,0.134
2021-09-03,PFE,1.6634,0.005,3.825,0.16999999999999998,0.14440000000000003,0.064,3.783,0.153
2021-09-05,MRNA,-0.2059,0.056,0.888,0.056,-0.2755,0.15,0.85,0.0
2021-09-05,PFE,-0.9584,0.058,0.909,0.034,0.0,0.0,1.0,0.0
2021-09-06,JNJ,0.5719,0.075,0.817,0.109,-0.3612,0.228,0.622,0.15
2021-09-06,MRNA,0.9601,0.025,0.905,0.069,0.4939,0.0,0.775,0.225
2021-09-07,AZN,0.277,0.033,1.927,0.04,0.34759999999999996,0.061,1.693,0.246
2021-09-07,JNJ,-0.28400000000000003,0.14200000000000002,2.841,0.016,0.2023,0.0,2.816,0.184
2021-09-07,MRNA,5.0525,0.11900000000000001,6.247,0.633,0.0,0.121,7.662999999999999,0.216
2021-09-07,PFE,0.9877,0.009,1.8,0.191,0.0,0.0,2.0,0.0
2021-09-08,AZN,1.4364,0.128,4.622,0.25,-1.3194,0.49000000000000005,4.364,0.14600000000000002
2021-09-08,JNJ,-0.2901,0.114,2.786,0.1,1.0159,0.223,2.161,0.616
2021-09-08,MRNA,1.8615,0.113,3.7030000000000003,0.184,1.0937,0.268,4.125,0.607
2021-09-08,PFE,0.9921,0.032,0.781,0.187,0.1779,0.0,0.884,0.116
2021-09-09,AZN,4.1026,0.21,4.368,0.419,0.3758999999999999,0.37,4.0649999999999995,0.565
2021-09-09,MRNA,0.23069999999999996,0.11099999999999999,3.7560000000000002,0.132,0.13930000000000003,0.28800000000000003,5.392,0.32
2021-09-09,PFE,1.9441000000000002,0.11099999999999999,2.605,0.28400000000000003,-0.7714000000000001,0.483,3.198,0.319
2021-09-10,AZN,0.9508,0.009,2.891,0.099,0.0,0.0,3.0,0.0
2021-09-10,JNJ,1.0719,0.07400000000000001,1.82,0.10700000000000001,0.296,0.0,1.833,0.167
2021-09-10,MRNA,2.7375,0.01,3.769,0.22100000000000003,0.0,0.0,4.0,0.0
2021-09-10,PFE,1.9121000000000001,0.032,1.8330000000000002,0.135,1.342,0.0,1.233,0.767
2021-09-12,AZN,-0.891,0.055,0.887,0.058,0.0,0.0,1.0,0.0
2021-09-13,MRNA,3.6391000000000004,0.156,3.3679999999999994,0.476,-0.592,0.5820000000000001,4.356999999999999,0.06
2021-09-14,AZN,-0.9732,0.155,2.76,0.085,-0.8202,0.78,2.147,0.072
2021-09-14,JNJ,1.9378000000000002,0.115,1.6869999999999998,0.198,0.07700000000000001,0.168,1.494,0.338
2021-09-14,MRNA,1.1180999999999999,0.147,6.636,0.217,0.5995999999999999,0.28900000000000003,7.093999999999999,0.616
2021-09-14,PFE,0.0,0.0,2.0,0.0,0.6947,0.0,1.819,0.181
2021-09-15,MRNA,2.2122,0.1,4.584,0.317,0.7876999999999997,0.122,6.354,0.524
2021-09-15,PFE,2.1100000000000003,0.07100000000000001,7.678000000000001,0.251,0.7081999999999999,0.32499999999999996,7.127,0.548
