date,symbol,close
2020-05-18,AZN,-0.043409244563609665
2020-05-18,JNJ,-0.05098897514897623
2020-05-18,MRNA,6.896896522197057
2020-05-18,PFE,0.21701458321224065
2020-05-19,AZN,0.008815177161676919
2020-05-19,JNJ,-0.4174000485228798
2020-05-19,MRNA,-3.704087294042173
2020-05-19,PFE,-0.4271328832749323
2020-05-20,AZN,0.06728245757176216
2020-05-20,JNJ,-0.3834240175548899
2020-05-20,MRNA,0.8071050189339471
2020-05-20,PFE,-0.11586915576988152
2020-05-21,AZN,0.9040131417759334
2020-05-21,JNJ,-0.29881913178769703
2020-05-21,MRNA,-3.119685420426729
2020-05-21,PFE,-0.41276205854903564
2020-05-22,AZN,-0.10743666793353178
2020-05-22,JNJ,-0.6262878964629748
2020-05-22,MRNA,0.9455983338808333
2020-05-22,PFE,0.15528341879533714
2020-05-26,AZN,-1.4033181214929313
2020-05-26,JNJ,-0.023612950631875514
2020-05-26,MRNA,-5.7809020557367505
2020-05-26,PFE,-0.07885893716253488
2020-05-27,AZN,-0.4901783287771517
2020-05-27,JNJ,0.010131124939316189
2020-05-27,MRNA,-3.414334795697369
2020-05-27,PFE,-0.1440357565647491
2020-05-28,AZN,0.6156536576720659
2020-05-28,JNJ,0.43154289880337454
2020-05-28,MRNA,2.1781019811380804
2020-05-28,PFE,0.6489000056702194
2020-05-29,AZN,0.6481326349827383
2020-05-29,JNJ,0.3532008653443649
2020-05-29,MRNA,3.676161384558979
2020-05-29,PFE,-0.060408445182320136
2020-06-01,AZN,0.2884544563686914
2020-06-01,JNJ,-0.43561869673544223
2020-06-01,MRNA,0.31639633007429424
2020-06-01,PFE,-2.5647602595799377
2020-06-02,AZN,-0.3479849106909503
2020-06-02,JNJ,0.1818239076871411
2020-06-02,MRNA,-1.366297889174096
2020-06-02,PFE,0.6195033106329682
2020-06-03,AZN,0.10905927831842295
2020-06-03,JNJ,0.024629334539382774
2020-06-03,MRNA,-0.05789036536052908
2020-06-03,PFE,-0.06955080048435662
2020-06-04,AZN,-0.7867004218259
2020-06-04,JNJ,-0.5203989947856763
2020-06-04,MRNA,0.3384281405779389
2020-06-04,PFE,-0.21434689787030173
2020-06-05,AZN,-0.08250996608419377
2020-06-05,JNJ,0.0660461609387264
2020-06-05,MRNA,-1.4521754927374286
2020-06-05,PFE,-0.08893736673993272
2020-06-08,AZN,-0.892763445420826
2020-06-08,JNJ,-0.1951442943599923
2020-06-08,MRNA,0.4763164690514181
2020-06-08,PFE,0.5123693863982082
2020-06-09,AZN,0.030027496995213357
2020-06-09,JNJ,-0.26218870441547254
2020-06-09,MRNA,-0.5833882947747145
2020-06-09,PFE,-0.43205680667199337
2020-06-10,AZN,0.5328390423809376
2020-06-10,JNJ,0.37047484407194003
2020-06-10,MRNA,1.0334226338181907
2020-06-10,PFE,-0.3491033726334832
2020-06-11,AZN,-1.4165756133920135
2020-06-11,JNJ,-1.7061895144504222
2020-06-11,MRNA,0.005989679465908575
2020-06-11,PFE,-2.615554220949602
2020-06-12,AZN,-0.13723649477012864
2020-06-12,JNJ,0.2476143592747189
2020-06-12,MRNA,0.9741356210722856
2020-06-12,PFE,0.4021453149639207
2020-06-15,AZN,0.7239104327682473
2020-06-15,JNJ,-0.29054947293497374
2020-06-15,MRNA,2.503323269230111
2020-06-15,PFE,-0.47290338987212494
2020-06-16,AZN,0.5537619235008608
2020-06-16,JNJ,0.72370013943482
2020-06-16,MRNA,-1.238835658097003
2020-06-16,PFE,-0.027697667938586735
2020-06-17,AZN,0.13891810608180735
2020-06-17,JNJ,-0.1758669123422809
2020-06-17,MRNA,-0.6283428104232363
2020-06-17,PFE,0.09766123565060493
2020-06-18,AZN,-0.8725718682679131
2020-06-18,JNJ,-0.21739389624421887
2020-06-18,MRNA,0.8346513882820684
2020-06-18,PFE,-0.4023804790843306
2020-06-19,AZN,0.16907404789282482
2020-06-19,JNJ,0.0326757894893762
2020-06-19,MRNA,0.6828390002922516
2020-06-19,PFE,0.11946822050755383
2020-06-22,AZN,0.1937876570273172
2020-06-22,JNJ,-0.17633259509602642
2020-06-22,MRNA,-0.9112813214952914
2020-06-22,PFE,-0.39333024059158256
2020-06-23,AZN,0.47278494288578293
2020-06-23,JNJ,-0.19856901408279795
2020-06-23,MRNA,-1.0452879078687864
2020-06-23,PFE,-0.4279885614230004
2020-06-24,AZN,-1.4336003229087826
2020-06-24,JNJ,-0.8123252519140414
2020-06-24,MRNA,0.984158666182751
2020-06-24,PFE,-0.6873474826644022
2020-06-25,AZN,0.5196847843610614
2020-06-25,JNJ,-0.10699770994992744
2020-06-25,MRNA,-1.5984165565394082
2020-06-25,PFE,0.07141585470708078
2020-06-26,AZN,-0.2736766048303915
2020-06-26,JNJ,-0.534391162267845
2020-06-26,MRNA,-0.4749051396953893
2020-06-26,PFE,-0.3719500428138199
2020-06-29,AZN,0.06954137473511306
2020-06-29,JNJ,0.2419924868540216
2020-06-29,MRNA,0.3861347418547058
2020-06-29,PFE,0.5841104830956506
2020-06-30,AZN,-0.08274509741996952
2020-06-30,JNJ,0.3296132166592316
2020-06-30,MRNA,1.1280771266573453
2020-06-30,PFE,-0.005386255368227419
2020-07-01,AZN,0.2142338543381801
2020-07-01,JNJ,-0.13160283871086
2020-07-01,MRNA,-1.4938218309019093
2020-07-01,PFE,1.040593940949867
2020-07-02,AZN,0.24467736944667443
2020-07-02,JNJ,0.07715280687047683
2020-07-02,MRNA,-1.7811054015621353
2020-07-02,PFE,0.7270480334884525
2020-07-06,AZN,0.12508960403147662
2020-07-06,JNJ,0.4281443134531866
2020-07-06,MRNA,0.2761073397758397
2020-07-06,PFE,-0.06955080048435662
2020-07-07,AZN,-0.47602904266917473
2020-07-07,JNJ,-0.10128752331700767
2020-07-07,MRNA,1.0752791967050708
2020-07-07,PFE,-0.5550519891462689
2020-07-08,AZN,0.4004691926161518
2020-07-08,JNJ,0.03307653775948528
2020-07-08,MRNA,0.21042466434056376
2020-07-08,PFE,-0.3567545475336728
2020-07-09,AZN,-0.21125983830494788
2020-07-09,JNJ,-0.25958569811592164
2020-07-09,MRNA,1.8520095684885878
2020-07-09,PFE,-0.36947964900346686
2020-07-10,AZN,-0.20536991543833397
2020-07-10,JNJ,-0.09894697919992283
2020-07-10,MRNA,-1.3374746053463955
2020-07-10,PFE,0.3164336478412191
2020-07-13,AZN,-0.40717852597634746
2020-07-13,JNJ,0.6267451580926566
2020-07-13,MRNA,5.042788283062843
2020-07-13,PFE,1.354321718273485
2020-07-14,AZN,0.41561222134035036
2020-07-14,JNJ,0.5818777443265846
2020-07-14,MRNA,1.5157371751459305
2020-07-14,PFE,-0.049723755586225916
2020-07-15,AZN,2.529933460789312
2020-07-15,JNJ,0.010680907632727322
2020-07-15,MRNA,2.339971520592832
2020-07-15,PFE,0.41593603307097654
2020-07-16,AZN,-0.41258773409829336
2020-07-16,JNJ,0.16352931160076797
2020-07-16,MRNA,0.6222936889652105
2020-07-16,PFE,-0.1868145604278219
2020-07-17,AZN,2.161046988710184
2020-07-17,JNJ,-0.046163522398478415
2020-07-17,MRNA,5.494168592780114
2020-07-17,PFE,0.5677689510061437
2020-07-20,AZN,-1.452060462587092
2020-07-20,JNJ,-0.011121753709713222
2020-07-20,MRNA,-4.548202225370034
2020-07-20,PFE,0.17117687222717698
2020-07-21,AZN,-0.4324063330565308
2020-07-21,JNJ,-0.036885213879782316
2020-07-21,MRNA,-0.8379111394850085
2020-07-21,PFE,0.11214912782256191
2020-07-22,AZN,-0.7247429594658932
2020-07-22,JNJ,-0.0066117836107362086
2020-07-22,MRNA,0.9513685312569546
2020-07-22,PFE,1.7094982171153301
2020-07-23,AZN,-1.17834296796666
2020-07-23,JNJ,-0.16262596225536077
2020-07-23,MRNA,-3.380803687577722
2020-07-23,PFE,-0.2053346926388166
2020-07-24,AZN,0.32904395938873693
2020-07-24,JNJ,-0.41718273477569595
2020-07-24,MRNA,-1.0518909915307597
2020-07-24,PFE,-0.7511215999474973
2020-07-27,AZN,0.4183757189363295
2020-07-27,JNJ,-0.2910683659082164
2020-07-27,MRNA,3.1249162673923636
2020-07-27,PFE,-0.1807738887791157
2020-07-28,AZN,-0.2299508227753568
2020-07-28,JNJ,-0.1525575227979201
2020-07-28,MRNA,0.6206095025842484
2020-07-28,PFE,1.3065855491132778
2020-07-29,AZN,0.12877597532912025
2020-07-29,JNJ,-0.13849174332655922
2020-07-29,MRNA,-0.9176660886851263
2020-07-29,PFE,0.14514225462484448
2020-07-30,AZN,0.700786252463478
2020-07-30,JNJ,0.001908553705295139
2020-07-30,MRNA,-0.894885520408443
2020-07-30,PFE,-0.531875469930342
2020-07-31,AZN,-1.3418021645557598
2020-07-31,JNJ,-0.326278896007554
2020-07-31,MRNA,-1.6567781517325648
2020-07-31,PFE,-0.3038159853378655
2020-08-03,AZN,0.5812511544259883
2020-08-03,JNJ,0.3112104848040889
2020-08-03,MRNA,1.7581602476601612
2020-08-03,PFE,-0.18747482934642207
2020-08-04,AZN,-0.5241456488114861
2020-08-04,JNJ,-0.10034629848647673
2020-08-04,MRNA,0.14530744548540983
2020-08-04,PFE,-0.033143486228116685
2020-08-05,AZN,-0.15046586165789688
2020-08-05,JNJ,0.21022439854392513
2020-08-05,MRNA,-1.2529393215758446
2020-08-05,PFE,-0.014996730346550918
2020-08-06,AZN,0.09265533465817373
2020-08-06,JNJ,-0.26948129685697436
2020-08-06,MRNA,-1.008960372886352
2020-08-06,PFE,-0.23295762123262626
2020-08-07,AZN,-0.5663380275709617
2020-08-07,JNJ,0.17884491737623162
2020-08-07,MRNA,0.09134771178080568
2020-08-07,PFE,0.0946245916706187
2020-08-10,AZN,-0.08844929130361127
2020-08-10,JNJ,-0.2034413936849492
2020-08-10,MRNA,-1.0540652568302384
2020-08-10,PFE,-0.12401974073378241
2020-08-11,AZN,-0.19560898951712255
2020-08-11,JNJ,-0.31949907648086096
2020-08-11,MRNA,-1.5431344434678853
2020-08-11,PFE,-0.6150915018624098
2020-08-12,AZN,0.9172668792428796
2020-08-12,JNJ,0.5693267169758929
2020-08-12,MRNA,0.20880256907842107
2020-08-12,PFE,0.4292313316488291
2020-08-13,AZN,-0.6478233029620102
2020-08-13,JNJ,-0.4567160471879927
2020-08-13,MRNA,-0.9180881451040511
2020-08-13,PFE,-0.2152560445988218
2020-08-14,AZN,-0.45113436054412465
2020-08-14,JNJ,-0.012947266630564279
2020-08-14,MRNA,0.6097249854066613
2020-08-14,PFE,-0.17014305565199803
2020-08-17,AZN,0.7336744383239245
2020-08-17,JNJ,0.10704886497287118
2020-08-17,MRNA,0.2383647837721181
2020-08-17,PFE,0.19641343066435574
2020-08-18,AZN,-0.1499212686142279
2020-08-18,JNJ,0.18815819876048745
2020-08-18,MRNA,-1.4355492127960046
2020-08-18,PFE,-0.06044897192029858
2020-08-19,AZN,-0.13151691541986632
2020-08-19,JNJ,0.00021836310383126364
2020-08-19,MRNA,0.43557149053275845
2020-08-19,PFE,-0.16054535873037593
2020-08-20,AZN,0.09184762137630507
2020-08-20,JNJ,0.16951215529373934
2020-08-20,MRNA,-0.1670809090608679
2020-08-20,PFE,0.3501181950686795
2020-08-21,AZN,-0.5515175164283204
2020-08-21,JNJ,0.23934754060566424
2020-08-21,MRNA,-0.7696171190024865
2020-08-21,PFE,0.0746868546527224
2020-08-24,AZN,0.5883344655420467
2020-08-24,JNJ,-0.20893521166093765
2020-08-24,MRNA,-0.894255912490087
2020-08-24,PFE,-0.10546182161930642
2020-08-25,AZN,0.08419088619276126
2020-08-25,JNJ,-0.0901981624882038
2020-08-25,MRNA,0.667510731330471
2020-08-25,PFE,-0.4559918507820982
2020-08-26,AZN,-0.07567350045684809
2020-08-26,JNJ,-0.014458580239968767
2020-08-26,MRNA,2.16967075888896
2020-08-26,PFE,-0.3967047842266624
2020-08-27,AZN,-0.6145666980882751
2020-08-27,JNJ,0.0862978438318373
2020-08-27,MRNA,-1.2924815236281229
2020-08-27,PFE,-0.24384902343317894
2020-08-28,AZN,-0.33082891968115813
2020-08-28,JNJ,0.08104168401357843
2020-08-28,MRNA,-0.3466193992395129
2020-08-28,PFE,-0.02345265924932308
2020-08-31,AZN,0.12475174734081282
2020-08-31,JNJ,-0.12180456177653017
2020-08-31,MRNA,-1.4142586477542882
2020-08-31,PFE,-0.1800404207740063
2020-09-01,AZN,-0.4560046893551907
2020-09-01,JNJ,-0.4995841666703608
2020-09-01,MRNA,-0.9140823876746884
2020-09-01,PFE,-0.9100910601902762
2020-09-02,AZN,0.2582004910008263
2020-09-02,JNJ,0.4626016148715593
2020-09-02,MRNA,0.7022072153154058
2020-09-02,PFE,0.23331698730889783
2020-09-03,AZN,-1.1560551265151233
2020-09-03,JNJ,-1.0407241326352854
2020-09-03,MRNA,-0.004831061529155939
2020-09-03,PFE,-0.8202069842084954
2020-09-04,AZN,-0.4433542952229049
2020-09-04,JNJ,-0.29361828320883326
2020-09-04,MRNA,-1.2754167489221406
2020-09-04,PFE,-0.10790850657575463
2020-09-08,AZN,0.6666050258274148
2020-09-08,JNJ,-0.38198320968026084
2020-09-08,MRNA,-4.675294148832649
2020-09-08,PFE,-0.4823497662039418
2020-09-09,AZN,-0.7522212157867597
2020-09-09,JNJ,0.5088102656934235
2020-09-09,MRNA,1.574875259701892
2020-09-09,PFE,0.17332084259365685
2020-09-10,AZN,-0.4404706765024085
2020-09-10,JNJ,-0.7200944210284476
2020-09-10,MRNA,0.33532860687054744
2020-09-10,PFE,-0.5808808626148515
2020-09-11,AZN,0.36454828145446905
2020-09-11,JNJ,0.1371594024464149
2020-09-11,MRNA,1.0098760988701738
2020-09-11,PFE,0.34167823929495283
2020-09-14,AZN,0.11884671742965969
2020-09-14,JNJ,0.0650827233321811
2020-09-14,MRNA,2.4774810382742514
2020-09-14,PFE,0.8401021463019424
2020-09-15,AZN,0.7446096179606054
2020-09-15,JNJ,0.05750667692253645
2020-09-15,MRNA,1.6902528003258024
2020-09-15,PFE,-0.11670766693014105
2020-09-16,AZN,-0.16426546910729256
2020-09-16,JNJ,-0.18442554792309546
2020-09-16,MRNA,0.9533978326588567
2020-09-16,PFE,-0.23954517975305442
2020-09-17,AZN,0.44330000960034
2020-09-17,JNJ,-0.3588619893529733
2020-09-17,MRNA,-0.5512509300022801
2020-09-17,PFE,-0.031589394782159455
2020-09-18,AZN,0.24867964994499644
2020-09-18,JNJ,0.4071773384826681
2020-09-18,MRNA,0.9484623801826239
2020-09-18,PFE,-0.24967158764357988
2020-09-21,AZN,-0.4034565006316229
2020-09-21,JNJ,-1.0241994878160605
2020-09-21,MRNA,-0.3742933602572927
2020-09-21,PFE,-0.6508328821478869
2020-09-22,AZN,-0.3629793623747328
2020-09-22,JNJ,-0.28365077404344075
2020-09-22,MRNA,-0.34169889134940384
2020-09-22,PFE,0.1533328165320127
2020-09-23,AZN,0.06896313817902504
2020-09-23,JNJ,-0.013880126571807285
2020-09-23,MRNA,-0.8619343797531135
2020-09-23,PFE,-0.3102784731958902
2020-09-24,AZN,-1.0039599576767129
2020-09-24,JNJ,-0.013968774141731394
2020-09-24,MRNA,-1.1038267081810902
2020-09-24,PFE,-0.3022542174388401
2020-09-25,AZN,0.7939047433194217
2020-09-25,JNJ,0.16931321705722982
2020-09-25,MRNA,2.233559586743522
2020-09-25,PFE,0.21351963121362946
2020-09-28,AZN,-0.5474500894919395
2020-09-28,JNJ,0.27792272133083606
2020-09-28,MRNA,0.47310003507957016
2020-09-28,PFE,0.2596551430573577
2020-09-29,AZN,0.159964898429649
2020-09-29,JNJ,-0.08141454616553905
2020-09-29,MRNA,-0.08439368321001686
2020-09-29,PFE,-0.2805761579863572
2020-09-30,AZN,-0.2658982671579836
2020-09-30,JNJ,0.36243636685260155
2020-09-30,MRNA,0.04429304360143129
2020-09-30,PFE,0.44192063020077843
2020-10-01,AZN,-0.38803175434541637
2020-10-01,JNJ,-0.4352990512053996
2020-10-01,MRNA,-0.4247729776021505
2020-10-01,PFE,-0.38341508220771087
2020-10-02,AZN,-0.12097696997705815
2020-10-02,JNJ,-0.32544242108322696
2020-10-02,MRNA,-0.6776434079764333
2020-10-02,PFE,-0.0599534640688487
2020-10-05,AZN,0.10426860908142618
2020-10-05,JNJ,0.4054353179573262
2020-10-05,MRNA,1.5232890394453238
2020-10-05,PFE,0.2854530379151365
2020-10-06,AZN,-0.5692076142790795
2020-10-06,JNJ,-0.5334505489161807
2020-10-06,MRNA,-0.5110242739282286
2020-10-06,PFE,-0.6204405222541509
2020-10-07,AZN,-0.1865307345333438
2020-10-07,JNJ,0.3170684414132149
2020-10-07,MRNA,0.5839448594596072
2020-10-07,PFE,0.21996133009212962
2020-10-08,AZN,0.295610548743675
2020-10-08,JNJ,0.16884903498091428
2020-10-08,MRNA,0.20054850895569754
2020-10-08,PFE,0.33243206949459847
2020-10-09,AZN,0.33700259020151013
2020-10-09,JNJ,0.41808078048010555
2020-10-09,MRNA,-0.036047634736080254
2020-10-09,PFE,-0.1641713278445432
2020-10-12,AZN,0.2812904257353965
2020-10-12,JNJ,0.1316003945382283
2020-10-12,MRNA,1.0349935005393147
2020-10-12,PFE,-0.04108748501017644
2020-10-13,AZN,-0.568471641973526
2020-10-13,JNJ,-0.8695454241028959
2020-10-13,MRNA,1.3116525905480914
2020-10-13,PFE,0.006289530951105803
2020-10-14,AZN,-0.896057980746696
2020-10-14,JNJ,-0.1307224994680805
2020-10-14,MRNA,-0.8408694452625955
2020-10-14,PFE,-0.10738875446069304
2020-10-15,AZN,-0.48954568726063613
2020-10-15,JNJ,-0.2840276162459126
2020-10-15,MRNA,-0.516355950592886
2020-10-15,PFE,-0.3631131685902558
2020-10-16,AZN,0.2492816642296841
2020-10-16,JNJ,0.14625201502136093
2020-10-16,MRNA,-0.8269607048347465
2020-10-16,PFE,1.267459255888866
2020-10-19,AZN,-0.4579017791845604
2020-10-19,JNJ,-0.9604544967246749
2020-10-19,MRNA,-1.476345869170501
2020-10-19,PFE,-0.20751725322417505
2020-10-20,AZN,-0.235957706201233
2020-10-20,JNJ,-0.013922558487889343
2020-10-20,MRNA,0.10261562271336544
2020-10-20,PFE,-0.3558129403886761
2020-10-21,AZN,-0.4842167858602289
2020-10-21,JNJ,-0.21926659278298843
2020-10-21,MRNA,-1.5086506024325608
2020-10-21,PFE,-0.451286200396352
2020-10-22,AZN,0.19442340723014925
2020-10-22,JNJ,0.2093440749734942
2020-10-22,MRNA,1.1914791246529195
2020-10-22,PFE,0.2599241021615501
2020-10-23,AZN,-0.042679736170907714
2020-10-23,JNJ,-0.03105561157542623
2020-10-23,MRNA,-0.22229937316057613
2020-10-23,PFE,0.6298650265896274
2020-10-26,AZN,0.6486972460770725
2020-10-26,JNJ,-0.3747697548345988
2020-10-26,MRNA,-0.21307268673871757
2020-10-26,PFE,-0.30725203833728204
2020-10-27,AZN,-0.4576090707024045
2020-10-27,JNJ,-0.26835972099141403
2020-10-27,MRNA,0.14413613564269964
2020-10-27,PFE,-0.5205977716382217
2020-10-28,AZN,-1.0672312275948448
2020-10-28,JNJ,-1.2375382617613035
2020-10-28,MRNA,-2.5045893859922046
2020-10-28,PFE,-1.9160085839596712
2020-10-29,AZN,-0.007928671632151144
2020-10-29,JNJ,-0.3647188380350363
2020-10-29,MRNA,2.8719846343981295
2020-10-29,PFE,-0.23693971818081105
2020-10-30,AZN,-0.6915209672023311
2020-10-30,JNJ,-0.08990535259058248
2020-10-30,MRNA,-1.9352915803593098
2020-10-30,PFE,0.12832625474904022
2020-11-02,AZN,0.2505555745128389
2020-11-02,JNJ,0.3326861612121754
2020-11-02,MRNA,-0.25579630982987406
2020-11-02,PFE,0.6683052989344522
2020-11-03,AZN,0.6751736868057724
2020-11-03,JNJ,-0.11737001876399171
2020-11-03,MRNA,0.955093212480169
2020-11-03,PFE,-0.10808849029188611
2020-11-04,AZN,2.1854668377012367
2020-11-04,JNJ,0.15727202470593593
2020-11-04,MRNA,0.2993117379712845
2020-11-04,PFE,1.0299873122323207
2020-11-05,AZN,0.006551334420813746
2020-11-05,JNJ,0.02059256045926895
2020-11-05,MRNA,0.765461460611446
2020-11-05,PFE,-0.9485002189301613
2020-11-06,AZN,0.15825892604831374
2020-11-06,JNJ,0.5523347621408572
2020-11-06,MRNA,0.40412501326602557
2020-11-06,PFE,-0.05995873877971865
2020-11-09,AZN,-0.9937421448370866
2020-11-09,JNJ,0.8702601874970163
2020-11-09,MRNA,2.4791056709218737
2020-11-09,PFE,2.615488625913519
2020-11-10,AZN,1.5578662505571648
2020-11-10,JNJ,0.45613462938269494
2020-11-10,MRNA,-0.8283662905533192
2020-11-10,PFE,-0.5325831097305215
2020-11-11,AZN,0.8251459148700732
2020-11-11,JNJ,-0.1825440970902518
2020-11-11,MRNA,2.863338419119468
2020-11-11,PFE,-0.23198596743810593
2020-11-12,AZN,-0.7794526412451855
2020-11-12,JNJ,0.04853280081189626
2020-11-12,MRNA,2.2041343324224267
2020-11-12,PFE,-0.9308556554457533
2020-11-13,AZN,0.26206385069990085
2020-11-13,JNJ,0.3070427266166233
2020-11-13,MRNA,0.5585178684395917
2020-11-13,PFE,0.9250936315048385
2020-11-16,AZN,-0.7326217079792664
2020-11-16,JNJ,0.15166492277123367
2020-11-16,MRNA,3.2730063912547043
2020-11-16,PFE,-1.2354780708285371
2020-11-17,AZN,-0.8942857744125714
2020-11-17,JNJ,-0.41663909226266793
2020-11-17,MRNA,-1.7800812773320047
2020-11-17,PFE,-1.2757686194153022
2020-11-18,AZN,-0.6856051521378693
2020-11-18,JNJ,-0.5323088509395344
2020-11-18,MRNA,-1.6658737573701754
2020-11-18,PFE,0.20163520151587527
2020-11-19,AZN,-0.043690076244186686
2020-11-19,JNJ,-0.1240277488790803
2020-11-19,MRNA,1.4540557769428961
2020-11-19,PFE,-0.19448793238448017
2020-11-20,AZN,0.7509193259237276
2020-11-20,JNJ,-0.25458749875588965
2020-11-20,MRNA,1.751540939398733
2020-11-20,PFE,0.4223478288888938
2020-11-23,AZN,-0.44827245556398077
2020-11-23,JNJ,-0.6633928764101528
2020-11-23,MRNA,1.1534473851282767
2020-11-23,PFE,-0.24074949960618128
2020-11-24,AZN,-0.790633600736362
2020-11-24,JNJ,-0.06955080048435662
2020-11-24,MRNA,-0.9229271835550834
2020-11-24,PFE,0.006912534769027477
2020-11-25,AZN,-0.7015901353149913
2020-11-25,JNJ,-0.11564830088890758
2020-11-25,MRNA,3.691574840835548
2020-11-25,PFE,-0.13630997747949536
2020-11-27,AZN,-0.06291477148375405
2020-11-27,JNJ,0.008189761972595898
2020-11-27,MRNA,5.637203173646667
2020-11-27,PFE,0.599320231002652
2020-11-30,AZN,0.14939653156747099
2020-11-30,JNJ,0.09528078652507065
2020-11-30,MRNA,6.995085328658055
2020-11-30,PFE,0.943018459430396
2020-12-01,AZN,-0.043177160481958514
2020-12-01,JNJ,0.5987397009297046
2020-12-01,MRNA,-2.750195439291555
2020-12-01,PFE,0.9326957094997012
2020-12-02,AZN,0.20057491002339978
2020-12-02,JNJ,0.0937913741835907
2020-12-02,MRNA,0.42305234795130514
2020-12-02,PFE,1.161574863941157
2020-12-03,AZN,-0.46835886662661236
2020-12-03,JNJ,0.13308684489925562
2020-12-03,MRNA,3.411236674100515
2020-12-03,PFE,-0.6769751609170058
2020-12-04,AZN,0.5653353693043026
2020-12-04,JNJ,0.22796598427959414
2020-12-04,MRNA,-1.1216437004884026
2020-12-04,PFE,0.14811889609317205
2020-12-07,AZN,0.2682025773059172
2020-12-07,JNJ,-0.37152169491521225
2020-12-07,MRNA,1.532459347707396
2020-12-07,PFE,0.7178566465728222
2020-12-08,AZN,0.22636766191629218
2020-12-08,JNJ,0.5349750930605517
2020-12-08,MRNA,2.193005616870217
2020-12-08,PFE,1.0389636584624526
2020-12-09,AZN,-0.5033181347196856
2020-12-09,JNJ,0.2874504825371933
2020-12-09,MRNA,-2.796479750489637
2020-12-09,PFE,-0.6518561084179187
2020-12-10,AZN,-0.1664387886685858
2020-12-10,JNJ,-0.26334365261823334
2020-12-10,MRNA,-0.2701700053432585
2020-12-10,PFE,-0.16963829164757796
2020-12-11,AZN,0.17658196563933262
2020-12-11,JNJ,0.09093431465666062
2020-12-11,MRNA,0.2084557224364115
2020-12-11,PFE,-0.5797919375879995
2020-12-14,AZN,-2.796644465180331
2020-12-14,JNJ,-0.9550257182189653
2020-12-14,MRNA,-0.48326553527248534
2020-12-14,PFE,-1.6908914852474652
2020-12-15,AZN,0.4886025082211775
2020-12-15,JNJ,0.28168196811266427
2020-12-15,MRNA,-1.8365481143677795
2020-12-15,PFE,-0.514660626334553
2020-12-16,AZN,-0.0008797154102405377
2020-12-16,JNJ,-0.2781910428225049
2020-12-16,MRNA,-2.4855756124319583
2020-12-16,PFE,-0.8540456574350114
2020-12-17,AZN,-0.16550155163386032
2020-12-17,JNJ,0.8516543478121034
2020-12-17,MRNA,1.7059102111620774
2020-12-17,PFE,0.10571472232755606
2020-12-18,AZN,-0.46815677164088115
2020-12-18,JNJ,0.13267486130071293
2020-12-18,MRNA,-0.9833965108160236
2020-12-18,PFE,-0.39079532822851715
2020-12-21,AZN,-0.4380017394981254
2020-12-21,JNJ,-0.40615822841346316
2020-12-21,MRNA,-0.5499589813894521
2020-12-21,PFE,-0.34746093219750984
2020-12-22,AZN,-0.7370273889709474
2020-12-22,JNJ,-0.13798403642052381
2020-12-22,MRNA,-3.204232404144519
2020-12-22,PFE,-0.6671839740432209
2020-12-23,AZN,-0.040898625197528966
2020-12-23,JNJ,-0.24782672887405263
2020-12-23,MRNA,1.1671713630249252
2020-12-23,PFE,0.5954970705069431
2020-12-24,AZN,-0.24848002205075173
2020-12-24,JNJ,0.052207272754301995
2020-12-24,MRNA,-1.9307853576045628
2020-12-24,PFE,-0.22804271107033752
2020-12-28,AZN,0.549137179464696
2020-12-28,JNJ,0.09528142245185768
2020-12-28,MRNA,-3.461374249650706
2020-12-28,PFE,-0.4910018507775581
2020-12-29,AZN,0.29802446323474696
2020-12-29,JNJ,0.14691396168036142
2020-12-29,MRNA,0.867320676212997
2020-12-29,PFE,0.14849015239260172
2020-12-30,AZN,0.12631179494827682
2020-12-30,JNJ,0.3629750134345458
2020-12-30,MRNA,-1.064322816313903
2020-12-30,PFE,-0.36160772054868356
2020-12-31,AZN,-0.2017159535972032
2020-12-31,JNJ,0.2279457178265597
2020-12-31,MRNA,-2.161431602585747
2020-12-31,PFE,-0.003046013385226652
2021-01-04,AZN,0.30052164696276307
2021-01-04,JNJ,-0.2647271318987129
2021-01-04,MRNA,2.356160131490668
2021-01-04,PFE,-0.06955080048435662
2021-01-05,AZN,0.05481563375497116
2021-01-05,JNJ,0.34083989011907934
2021-01-05,MRNA,-0.8661950051302826
2021-01-05,PFE,0.29078863897245416
2021-01-06,AZN,0.07502824555244704
2021-01-06,JNJ,0.25891461374658264
2021-01-06,MRNA,2.1939684228684517
2021-01-06,PFE,-0.36989401139629996
2021-01-07,AZN,-0.5632056626152528
2021-01-07,JNJ,0.04838060646873394
2021-01-07,MRNA,-0.4208276771015224
2021-01-07,PFE,0.110325721978428
2021-01-08,AZN,0.39641240740417677
2021-01-08,JNJ,-0.14137732127532218
2021-01-08,MRNA,-0.779246685018402
2021-01-08,PFE,-0.003620258713656692
2021-01-11,AZN,-0.27544253786051853
2021-01-11,JNJ,-0.2156811016835876
2021-01-11,MRNA,1.3266697012425366
2021-01-11,PFE,0.5321062969471052
2021-01-12,AZN,-0.25595286509386256
2021-01-12,JNJ,-0.3411378968860267
2021-01-12,MRNA,2.100508780274011
2021-01-12,PFE,-0.6148050340155149
2021-01-13,AZN,0.33995909015934256
2021-01-13,JNJ,-0.12252824316039174
2021-01-13,MRNA,-0.20687477596532358
2021-01-13,PFE,-0.36997479224915225
2021-01-14,AZN,0.21172396647123556
2021-01-14,JNJ,0.5406158637702259
2021-01-14,MRNA,1.5229463863152157
2021-01-14,PFE,-0.17371809239289962
2021-01-15,AZN,-0.03552320003282745
2021-01-15,JNJ,-0.1455976687701322
2021-01-15,MRNA,-0.08838664598251925
2021-01-15,PFE,-0.11704129374036876
2021-01-19,AZN,0.7667129398370628
2021-01-19,JNJ,0.4704721009945404
2021-01-19,MRNA,-1.3187723832095362
2021-01-19,PFE,-0.04101768396406155
2021-01-20,AZN,-0.28866472742456556
2021-01-20,JNJ,-0.15532426784686526
2021-01-20,MRNA,-0.033251971345787584
2021-01-20,PFE,-0.28812602196351716
2021-01-21,AZN,0.13758374944640694
2021-01-21,JNJ,-0.2092760323667443
2021-01-21,MRNA,2.117273702779751
2021-01-21,PFE,-0.088677108727193
2021-01-22,AZN,0.3954132105569483
2021-01-22,JNJ,0.3232522220134739
2021-01-22,MRNA,-0.584025192006518
2021-01-22,PFE,-0.0025720209333113756
2021-01-25,AZN,0.4286311625731264
2021-01-25,JNJ,0.4490697771977453
2021-01-25,MRNA,4.187738853308137
2021-01-25,PFE,0.627604443195973
2021-01-26,AZN,0.2083490401667095
2021-01-26,JNJ,0.8767969910825524
2021-01-26,MRNA,1.1010898582764557
2021-01-26,PFE,-0.04146160047643504
2021-01-27,AZN,-1.5698979597610483
2021-01-27,JNJ,-0.6018967214853422
2021-01-27,MRNA,0.803489070930469
2021-01-27,PFE,-1.0705933740891356
2021-01-28,AZN,-0.10974908748225214
2021-01-28,JNJ,0.19658605950647398
2021-01-28,MRNA,0.786668668564118
2021-01-28,PFE,-0.4355578304624364
2021-01-29,AZN,-1.0354220161294014
2021-01-29,JNJ,-1.3138180068885263
2021-01-29,MRNA,2.9079736477298366
2021-01-29,PFE,-0.030615482533244406
2021-02-01,AZN,-0.20751725322417117
2021-02-01,JNJ,-0.15941971036072364
2021-02-01,MRNA,-3.230317933060828
2021-02-01,PFE,-0.16678064043748522
2021-02-02,AZN,-0.3050244962121054
2021-02-02,JNJ,-0.3827586445814114
2021-02-02,MRNA,0.17426469226069097
2021-02-02,PFE,-0.859312397131545
2021-02-03,AZN,-0.11138721184253461
2021-02-03,JNJ,-0.2319020216153901
2021-02-03,MRNA,1.532871518309277
2021-02-03,PFE,-0.21918860790007055
2021-02-04,AZN,0.18176888982648728
2021-02-04,JNJ,0.25449414462048153
2021-02-04,MRNA,1.4983140761985894
2021-02-04,PFE,-0.01945678133514652
2021-02-05,AZN,-0.5062162671682051
2021-02-05,JNJ,0.4605285924176943
2021-02-05,MRNA,0.5205660522736821
2021-02-05,PFE,-0.03953746209813816
2021-02-08,AZN,0.16207636901588263
2021-02-08,JNJ,0.03020955765058758
2021-02-08,MRNA,1.8595214428797942
2021-02-08,PFE,-0.16950931292184854
2021-02-09,AZN,0.17449493243833794
2021-02-09,JNJ,0.2161782920046297
2021-02-09,MRNA,-1.2819909071027686
2021-02-09,PFE,0.08081757635297435
2021-02-10,AZN,-0.3742210151043865
2021-02-10,JNJ,0.043812865680993775
2021-02-10,MRNA,-0.10454964327497361
2021-02-10,PFE,-0.29912666222097517
2021-02-11,AZN,0.01427272373378973
2021-02-11,JNJ,-0.22649063866779245
2021-02-11,MRNA,0.7284451927519912
2021-02-11,PFE,-0.3810277402766281
2021-02-12,AZN,1.0454186558757084
2021-02-12,JNJ,0.039752261797050624
2021-02-12,MRNA,-0.012465902081868778
2021-02-12,PFE,0.2244543879420112
2021-02-16,AZN,-0.6097792786143205
2021-02-16,JNJ,-0.3859592765330486
2021-02-16,MRNA,-1.0593065441979084
2021-02-16,PFE,-0.09971109358041866
2021-02-17,AZN,0.3145538767445038
2021-02-17,JNJ,0.05520992163639053
2021-02-17,MRNA,-0.41561452759697426
2021-02-17,PFE,0.13169170480923037
2021-02-18,AZN,-0.03562901958720067
2021-02-18,JNJ,-0.0526943414510729
2021-02-18,MRNA,-1.4893891982293728
2021-02-18,PFE,-0.39969752273275966
2021-02-19,AZN,-0.6863278182374952
2021-02-19,JNJ,-0.6508179334586328
2021-02-19,MRNA,0.9946793100788383
2021-02-19,PFE,-0.19075049681481945
2021-02-22,AZN,-0.08335017290704078
2021-02-22,JNJ,-0.3072800858133597
2021-02-22,MRNA,-3.1398136354881254
2021-02-22,PFE,-0.25198379287027306
2021-02-23,AZN,-0.9392550876980623
2021-02-23,JNJ,-0.37791481442601665
2021-02-23,MRNA,-2.0845518383031805
2021-02-23,PFE,-0.42614535361075356
2021-02-24,AZN,0.48967359434642954
2021-02-24,JNJ,0.3982056939548182
2021-02-24,MRNA,-1.3200779196311032
2021-02-24,PFE,-0.23424799915458705
2021-02-25,AZN,-0.8986438129868549
2021-02-25,JNJ,-0.033054477633390145
2021-02-25,MRNA,0.7959149777461033
2021-02-25,PFE,0.0028458181237059482
2021-02-26,AZN,-0.44779495603293984
2021-02-26,JNJ,-0.9917288782408094
2021-02-26,MRNA,1.443068458530321
2021-02-26,PFE,-0.4101427324549905
2021-03-01,AZN,-0.2787818595484317
2021-03-01,JNJ,0.11988969419649614
2021-03-01,MRNA,0.5144248954449548
2021-03-01,PFE,0.13890254405533758
2021-03-02,AZN,-0.33085220442576485
2021-03-02,JNJ,-0.13527797700300434
2021-03-02,MRNA,-2.418022070066281
2021-03-02,PFE,-0.2560450794327388
2021-03-03,AZN,-0.48639853041538955
2021-03-03,JNJ,-0.6841617621299529
2021-03-03,MRNA,-3.7762256901244085
2021-03-03,PFE,0.8470964999630244
2021-03-04,AZN,-0.01774024327439121
2021-03-04,JNJ,-0.7733810687662216
2021-03-04,MRNA,0.21773736859525725
2021-03-04,PFE,-0.26239893608199316
2021-03-05,AZN,0.5438638810916147
2021-03-05,JNJ,0.6213991113586721
2021-03-05,MRNA,-0.09857276858526025
2021-03-05,PFE,0.1243687136443777
2021-03-08,AZN,0.02486694047719869
2021-03-08,JNJ,0.2211421290872254
2021-03-08,MRNA,-2.3721158158142805
2021-03-08,PFE,-0.11015040797859385
2021-03-09,AZN,0.7127267165653702
2021-03-09,JNJ,-0.0030218693347289272
2021-03-09,MRNA,2.022461776007708
2021-03-09,PFE,0.032066412159524806
2021-03-10,AZN,0.31301418375175205
2021-03-10,JNJ,0.2513939882765881
2021-03-10,MRNA,-0.36827605492275417
2021-03-10,PFE,0.4167959635424266
2021-03-11,AZN,-0.8684322359233524
2021-03-11,JNJ,-0.07174404663850119
2021-03-11,MRNA,2.8143574420035606
2021-03-11,PFE,-0.2893965708679196
2021-03-12,AZN,-0.24884765965413255
2021-03-12,JNJ,0.031344862264543444
2021-03-12,MRNA,-0.9342990289334138
2021-03-12,PFE,0.16174473062856484
2021-03-15,AZN,0.1827608349991269
2021-03-15,JNJ,0.10978829904823512
2021-03-15,MRNA,1.6299876232177999
2021-03-15,PFE,0.39998528695957397
2021-03-16,AZN,0.8465668139355814
2021-03-16,JNJ,0.13715806945713574
2021-03-16,MRNA,2.933596457162937
2021-03-16,PFE,0.3444654454386152
2021-03-17,AZN,-0.05560254372384403
2021-03-17,JNJ,-0.19933519365472938
2021-03-17,MRNA,-1.964498186977557
2021-03-17,PFE,-0.1085187184784095
2021-03-18,AZN,-0.5854301550269484
2021-03-18,JNJ,-0.13468517731431218
2021-03-18,MRNA,-1.5102459640758135
2021-03-18,PFE,-0.08905653535061367
2021-03-19,AZN,-0.15446183849734316
2021-03-19,JNJ,-0.16308460987903522
2021-03-19,MRNA,0.4930433505013103
2021-03-19,PFE,-0.30375049325375697
2021-03-22,AZN,1.3419909585262673
2021-03-22,JNJ,0.030777466010645408
2021-03-22,MRNA,0.3821276003108268
2021-03-22,PFE,0.3921883184374263
2021-03-23,AZN,-1.2966977258302619
2021-03-23,JNJ,-0.10217277482377038
2021-03-23,MRNA,-2.2463506211711968
2021-03-23,PFE,-0.6900932456963087
2021-03-24,AZN,-0.5005702873534863
2021-03-24,JNJ,0.2700351026484709
2021-03-24,MRNA,-1.324942439709202
2021-03-24,PFE,0.17723591150074078
2021-03-25,AZN,0.5814845841085318
2021-03-25,JNJ,-0.056615646679215925
2021-03-25,MRNA,0.3866264016602849
2021-03-25,PFE,-0.010737805466374628
2021-03-26,AZN,0.5906339437929423
2021-03-26,JNJ,0.5683470641065561
2021-03-26,MRNA,-0.08264069493541139
2021-03-26,PFE,0.4980185091607168
2021-03-29,AZN,0.047628052839882945
2021-03-29,JNJ,0.16536776450031043
2021-03-29,MRNA,-2.6518463712802647
2021-03-29,PFE,0.2867261551287122
2021-03-30,AZN,-0.6466149716369797
2021-03-30,JNJ,-0.2860810216326811
2021-03-30,MRNA,-1.4638481334760882
2021-03-30,PFE,-0.5556734492286999
2021-03-31,AZN,-0.24418314260548904
2021-03-31,JNJ,-0.20916438922742336
2021-03-31,MRNA,3.6009925895732557
2021-03-31,PFE,0.04644647188286765
2021-04-01,AZN,-0.20293872050050005
2021-04-01,JNJ,-0.39237635001658194
2021-04-01,MRNA,0.35693885258228075
2021-04-01,PFE,-0.0021098433211780925
2021-04-05,AZN,-0.06955080048435662
2021-04-05,JNJ,0.05906989303589981
2021-04-05,MRNA,-0.7647643283151795
2021-04-05,PFE,-0.08878248783596225
2021-04-06,AZN,-0.2880185753356269
2021-04-06,JNJ,-0.07809403307156555
2021-04-06,MRNA,0.9031068502452589
2021-04-06,PFE,-0.29083712586830746
2021-04-07,AZN,-0.6368894846480655
2021-04-07,JNJ,-0.022551518034395045
2021-04-07,MRNA,-0.6080466878425177
2021-04-07,PFE,-0.20510618900153288
2021-04-08,AZN,0.7090108175789687
2021-04-08,JNJ,-0.20609213675739013
2021-04-08,MRNA,0.5703083706500838
2021-04-08,PFE,-0.02094941849719918
2021-04-09,AZN,0.2407204221216214
2021-04-09,JNJ,-0.4379467112302397
2021-04-09,MRNA,1.7659347709522526
2021-04-09,PFE,0.5516819032873458
2021-04-12,AZN,-0.4330042751028862
2021-04-12,JNJ,0.014871834503778771
2021-04-12,MRNA,-0.4460507938537962
2021-04-12,PFE,0.2833191350613751
2021-04-13,AZN,-0.2320005755739921
2021-04-13,JNJ,-0.5359941752260795
2021-04-13,MRNA,2.512054897651271
2021-04-13,PFE,0.1098391747172329
2021-04-14,AZN,0.39169301234471526
2021-04-14,JNJ,0.026752344229683835
2021-04-14,MRNA,2.336600354719287
2021-04-14,PFE,-0.060157497862399115
2021-04-15,AZN,0.6237970610272905
2021-04-15,JNJ,0.03303543572931884
2021-04-15,MRNA,-0.10444976947084507
2021-04-15,PFE,0.3342525461275336
2021-04-16,AZN,-0.13135477705105877
2021-04-16,JNJ,0.3330628176019921
2021-04-16,MRNA,2.3190543613490395
2021-04-16,PFE,0.8309371560815242
2021-04-19,AZN,0.5427059232725104
2021-04-19,JNJ,0.027265524986716777
2021-04-19,MRNA,-1.8882912819212396
2021-04-19,PFE,0.25624604980192717
2021-04-20,AZN,0.36313422813525364
2021-04-20,JNJ,0.743602389869217
2021-04-20,MRNA,-1.1755064508238904
2021-04-20,PFE,0.02011144596612608
2021-04-21,AZN,0.49139487650559305
2021-04-21,JNJ,-0.04648733112017411
2021-04-21,MRNA,2.7624310820845372
2021-04-21,PFE,0.37761179935131567
2021-04-22,AZN,-0.3324430056673521
2021-04-22,JNJ,-0.3649873374065797
2021-04-22,MRNA,-0.35785591883504325
2021-04-22,PFE,-0.8554325653066014
2021-04-23,AZN,-0.36754891553705266
2021-04-23,JNJ,0.0022973304314820578
2021-04-23,MRNA,1.0787388150048909
2021-04-23,PFE,-0.051483765006529625
2021-04-26,AZN,0.0039204276011603105
2021-04-26,JNJ,-0.3647883401196976
2021-04-26,MRNA,0.730564040970617
2021-04-26,PFE,-0.0514931116363614
2021-04-27,AZN,-0.06955080048435662
2021-04-27,JNJ,-0.2694726978191234
2021-04-27,MRNA,1.0703172967534018
2021-04-27,PFE,-0.2771068471474768
2021-04-28,AZN,-0.26284082602416786
2021-04-28,JNJ,-0.32624043801228464
2021-04-28,MRNA,-0.9697365827710634
2021-04-28,PFE,0.25726284101218266
2021-04-29,AZN,-0.5454132026666217
2021-04-29,JNJ,0.4088430620038682
2021-04-29,MRNA,-0.6575606099479195
2021-04-29,PFE,-0.2584237104061857
2021-04-30,AZN,1.0855858809132135
2021-04-30,JNJ,-0.3820422952374841
2021-04-30,MRNA,0.5563521112876747
2021-04-30,PFE,-0.024336405998381976
2021-05-03,AZN,0.34481650500270883
2021-05-03,JNJ,0.46240809527590926
2021-05-03,MRNA,1.335883101265119
2021-05-03,PFE,0.9961284957884301
2021-05-04,AZN,-0.570058149799865
2021-05-04,JNJ,0.47132512779190344
2021-05-04,MRNA,-2.4019640942787444
2021-05-04,PFE,0.035612681945487466
2021-05-05,AZN,0.40526440886920845
2021-05-05,JNJ,-0.21518982283770374
2021-05-05,MRNA,-2.231162989199734
2021-05-05,PFE,-0.05207620096337012
2021-05-06,AZN,-0.18015540686533352
2021-05-06,JNJ,0.07043060493807703
2021-05-06,MRNA,-0.5711407006994332
2021-05-06,PFE,-0.7507191713543703
2021-05-07,AZN,0.14583474811787187
2021-05-07,JNJ,0.08859984654563087
2021-05-07,MRNA,0.5067707461786172
2021-05-07,PFE,0.2778120444209031
2021-05-10,AZN,0.3001972416938263
2021-05-10,JNJ,0.29711244700178574
2021-05-10,MRNA,-1.0537086778891507
2021-05-10,PFE,0.1773805666730002
2021-05-11,AZN,-0.24927760283978478
2021-05-11,JNJ,-0.35450212740636156
2021-05-11,MRNA,0.027317225494800076
2021-05-11,PFE,-0.5161592148601155
2021-05-12,AZN,0.18853062312504593
2021-05-12,JNJ,-0.2100988140404751
2021-05-12,MRNA,-1.4548818536790074
2021-05-12,PFE,0.2320470207272972
2021-05-13,AZN,0.28270666554765456
2021-05-13,JNJ,0.2956911856986639
2021-05-13,MRNA,-0.7119695209868078
2021-05-13,PFE,0.2910251668298487
2021-05-14,AZN,0.03190028047672695
2021-05-14,JNJ,-0.01615333483817782
2021-05-14,MRNA,2.6111888363469857
2021-05-14,PFE,-0.1391877332388154
2021-05-17,AZN,0.35404444320202916
2021-05-17,JNJ,-0.034690401398824136
2021-05-17,MRNA,-0.2750300229159682
2021-05-17,PFE,0.008947353660703795
2021-05-18,AZN,-0.0008391616198443387
2021-05-18,JNJ,-0.05725940572768058
2021-05-18,MRNA,-0.2653680496824811
2021-05-18,PFE,-0.12176547893338253
2021-05-19,AZN,0.1486476169135751
2021-05-19,JNJ,-0.14532105358481195
2021-05-19,MRNA,-0.40650616509593535
2021-05-19,PFE,-0.2612914436678231
2021-05-20,AZN,0.61195547920129
2021-05-20,JNJ,0.13362686542427638
2021-05-20,MRNA,1.6935100900436193
2021-05-20,PFE,0.18459428205443004
2021-05-21,AZN,-0.0938582604726378
2021-05-21,JNJ,-0.0919954510937467
2021-05-21,MRNA,-1.0201618548624916
2021-05-21,PFE,-0.2174555146503367
2021-05-24,AZN,-0.02698310226097573
2021-05-24,JNJ,-0.15326196182443996
2021-05-24,MRNA,0.5185135793077065
2021-05-24,PFE,-0.19187299713126987
2021-05-25,AZN,-0.40967759749456245
2021-05-25,JNJ,-0.16574306606800387
2021-05-25,MRNA,1.0126752995628305
2021-05-25,PFE,-0.4904160609898279
2021-05-26,AZN,-0.29648876641255434
2021-05-26,JNJ,-0.27683306570427885
2021-05-26,MRNA,1.2358485519809668
2021-05-26,PFE,-0.43342723431859376
2021-05-27,AZN,0.1465250642151549
2021-05-27,JNJ,-0.12322935529138428
2021-05-27,MRNA,0.715669169590991
2021-05-27,PFE,-0.31170106735631425
2021-05-28,AZN,-0.14317817797039215
2021-05-28,JNJ,0.02142974284243419
2021-05-28,MRNA,0.9939066664375128
2021-05-28,PFE,0.002698643330747167
2021-06-01,AZN,-0.38927717924866534
2021-06-01,JNJ,-0.8367502489960321
2021-06-01,MRNA,-0.13558468724782827
2021-06-01,PFE,-0.27683889459562677
2021-06-02,AZN,-0.16263216726614693
2021-06-02,JNJ,0.07173291487796685
2021-06-02,MRNA,1.242288564021307
2021-06-02,PFE,0.19337383945122588
2021-06-03,AZN,0.023779446957280924
2021-06-03,JNJ,-0.10315418199402701
2021-06-03,MRNA,0.5899374845171268
2021-06-03,PFE,0.09242373567885301
2021-06-04,AZN,0.271747544382213
2021-06-04,JNJ,-0.08426644658181325
2021-06-04,MRNA,1.8704390114889011
2021-06-04,PFE,0.09167558539634457
2021-06-07,AZN,-0.3153642690982457
2021-06-07,JNJ,-0.3072035640788894
2021-06-07,MRNA,2.2171693399185437
2021-06-07,PFE,-0.2122042361652604
2021-06-08,AZN,-0.12525108645750158
2021-06-08,JNJ,-0.3765939525566716
2021-06-08,MRNA,-1.113997753203954
2021-06-08,PFE,-0.19488477730005502
2021-06-09,AZN,0.7300959972548033
2021-06-09,JNJ,0.4004420240151817
2021-06-09,MRNA,0.6580570666127536
2021-06-09,PFE,0.7929792391924925
2021-06-10,AZN,0.6818873167644928
2021-06-10,JNJ,0.24453346601317744
2021-06-10,MRNA,-0.14018373609416176
2021-06-10,PFE,0.6932674841818047
2021-06-11,AZN,-0.1110767331495872
2021-06-11,JNJ,-0.5124505287075152
2021-06-11,MRNA,0.22803075806342188
2021-06-11,PFE,-0.5243178026446653
2021-06-14,AZN,-0.07549014241785887
2021-06-14,JNJ,0.01720514121484586
2021-06-14,MRNA,-1.8941752624166917
2021-06-14,PFE,-0.5216271771331599
2021-06-15,AZN,-0.022027978778196587
2021-06-15,JNJ,-0.2552970122397616
2021-06-15,MRNA,-1.0490121716875906
2021-06-15,PFE,-0.1047822035054727
2021-06-16,AZN,-0.32463867257076584
2021-06-16,JNJ,-0.08228306841912614
2021-06-16,MRNA,-0.7188670961185465
2021-06-16,PFE,-0.32523654530678947
2021-06-17,AZN,-0.10540648876701775
2021-06-17,JNJ,0.09815189920004642
2021-06-17,MRNA,0.7473341725993865
2021-06-17,PFE,0.09032177604925647
2021-06-18,AZN,-0.05758661452268596
2021-06-18,JNJ,-0.7540554648099752
2021-06-18,MRNA,-0.63501769010556
2021-06-18,PFE,-0.6619189211511555
2021-06-21,AZN,-0.1054310600798699
2021-06-21,JNJ,0.3312656788976721
2021-06-21,MRNA,1.5163465262675342
2021-06-21,PFE,0.4790800330981018
2021-06-22,AZN,-0.32097105889856475
2021-06-22,JNJ,-0.11642099554965146
2021-06-22,MRNA,2.1296439967036043
2021-06-22,PFE,0.0986898738739076
2021-06-23,AZN,-0.015284154623495567
2021-06-23,JNJ,-0.2807502713176355
2021-06-23,MRNA,-1.539190197405059
2021-06-23,PFE,-0.5630394908195374
2021-06-24,AZN,0.19534098149211915
2021-06-24,JNJ,0.08927647174061966
2021-06-24,MRNA,1.263851631130887
2021-06-24,PFE,0.05559060171907925
2021-06-25,AZN,0.4861172355503966
2021-06-25,JNJ,0.1099229739923827
2021-06-25,MRNA,-0.10126290418488211
2021-06-25,PFE,-0.25659233235642165
2021-06-28,AZN,0.35390276364511375
2021-06-28,JNJ,-0.10993839797051835
2021-06-28,MRNA,0.4065633107710593
2021-06-28,PFE,0.0558153297373983
2021-06-29,AZN,-0.005631932834133417
2021-06-29,JNJ,-0.06742267510067262
2021-06-29,MRNA,1.7341250966060953
2021-06-29,PFE,-0.08739615454527788
2021-06-30,AZN,-0.23195597682347904
2021-06-30,JNJ,0.08153689021644837
2021-06-30,MRNA,0.007864820612838906
2021-06-30,PFE,-0.015987354126555067
2021-07-01,AZN,0.16936840056240396
2021-07-01,JNJ,0.18894577170619023
2021-07-01,MRNA,-0.05023972451783741
2021-07-01,PFE,0.2869917178320138
2021-07-02,AZN,0.208257954626284
2021-07-02,JNJ,0.5656302544709358
2021-07-02,MRNA,-0.1898071279905012
2021-07-02,PFE,0.08044761034322365
2021-07-06,AZN,-0.580587256536723
2021-07-06,JNJ,-0.2781823998961418
2021-07-06,MRNA,-0.21256954585971136
2021-07-06,PFE,-0.45612078586054067
2021-07-07,AZN,-0.15113296669544504
2021-07-07,JNJ,0.22969274337566445
2021-07-07,MRNA,-1.7808693206433124
2021-07-07,PFE,-0.016246378173578224
2021-07-08,AZN,-0.3615982615216079
2021-07-08,JNJ,-0.13754453839384567
2021-07-08,MRNA,1.643477733067452
2021-07-08,PFE,-0.15825604201719873
2021-07-09,AZN,0.1483877692249544
2021-07-09,JNJ,0.06876652506523562
2021-07-09,MRNA,-0.06655191629317742
2021-07-09,PFE,0.2506016712491951
2021-07-12,AZN,0.4397196323943892
2021-07-12,JNJ,-0.12507061424964094
2021-07-12,MRNA,0.9095007733609062
2021-07-12,PFE,0.06263367014113984
2021-07-13,AZN,-0.006086232224046813
2021-07-13,JNJ,-0.1128016715845793
2021-07-13,MRNA,-0.6806233230710195
2021-07-13,PFE,-0.16612037743981334
2021-07-14,AZN,-0.5360326543033586
2021-07-14,JNJ,0.1675930491325131
2021-07-14,MRNA,1.6389860881905873
2021-07-14,PFE,0.19455143817773635
2021-07-15,AZN,-1.7272707941734757
2021-07-15,JNJ,-0.48943286076778997
2021-07-15,MRNA,1.7722364603175118
2021-07-15,PFE,0.05277139616255662
2021-07-16,AZN,-0.17372806755492184
2021-07-16,JNJ,-0.1255256676617464
2021-07-16,MRNA,3.52685620093116
2021-07-16,PFE,0.15682568395626856
2021-07-19,AZN,-0.260089784255856
2021-07-19,JNJ,-0.32288051674057244
2021-07-19,MRNA,3.240276105470184
2021-07-19,PFE,-0.24256449338731909
2021-07-20,AZN,0.5855455751488331
2021-07-20,JNJ,0.25883878899778845
2021-07-20,MRNA,-0.7663476005106916
2021-07-20,PFE,0.7128890821770354
2021-07-21,AZN,0.06997418882620526
2021-07-21,JNJ,0.14595369963378252
2021-07-21,MRNA,1.4955354678425743
2021-07-21,PFE,-0.09506031026011644
2021-07-22,AZN,0.0452500889600366
2021-07-22,JNJ,0.03136194449265596
2021-07-22,MRNA,0.1880745139789703
2021-07-22,PFE,0.3133716920662866
2021-07-23,AZN,0.09305251881613287
2021-07-23,JNJ,0.3021339724485918
2021-07-23,MRNA,2.6658725424407597
2021-07-23,PFE,0.10720728087725863
2021-07-26,AZN,-0.9327474012428651
2021-07-26,JNJ,-0.05329583218903053
2021-07-26,MRNA,-1.3663872037739613
2021-07-26,PFE,0.039319560134944836
2021-07-27,AZN,0.34225926121533634
2021-07-27,JNJ,0.0908922955132339
2021-07-27,MRNA,-0.8354829392379806
2021-07-27,PFE,0.1725587100997117
2021-07-28,AZN,-0.46440953966051246
2021-07-28,JNJ,-0.1665891766034492
2021-07-28,MRNA,2.1427255196034602
2021-07-28,PFE,1.0497471076696245
2021-07-29,AZN,0.4404223628818284
2021-07-29,JNJ,-0.06955080048435662
2021-07-29,MRNA,-0.43727176166285847
2021-07-29,PFE,-0.5997611175958374
2021-07-30,AZN,-0.31178197705043786
2021-07-30,JNJ,-0.06549626307662576
2021-07-30,MRNA,0.7343141452500848
2021-07-30,PFE,-0.053236001445711285
2021-08-02,AZN,0.01582257051571753
2021-08-02,JNJ,-0.05536156774322708
2021-08-02,MRNA,-0.7595664471946928
2021-08-02,PFE,0.8681118817078421
2021-08-03,AZN,0.10077934089048009
2021-08-03,JNJ,0.36000563181101974
2021-08-03,MRNA,3.9485962537627044
2021-08-03,PFE,1.2961789896488654
2021-08-04,AZN,-0.2814295620193932
2021-08-04,JNJ,-0.2757132978722018
2021-08-04,MRNA,2.869119293833588
2021-08-04,PFE,-0.44397508126707164
2021-08-05,AZN,0.6004206494805582
2021-08-05,JNJ,-0.0031062969123342265
2021-08-05,MRNA,-0.30194879593943846
2021-08-05,PFE,-0.16996497686435885
2021-08-06,AZN,-1.246812565765122
2021-08-06,JNJ,-0.18611017221007137
2021-08-06,MRNA,-0.28254268502684543
2021-08-06,PFE,-0.06180434852182856
2021-08-09,AZN,-0.11902707623654839
2021-08-09,JNJ,0.05143185520221803
2021-08-09,MRNA,5.8996191995868035
2021-08-09,PFE,0.6352199209331397
2021-08-10,AZN,-0.03858423506281006
2021-08-10,JNJ,-0.0574943227191695
2021-08-10,MRNA,-2.0660247876689217
2021-08-10,PFE,1.6081608724258427
2021-08-11,AZN,0.05420567015266852
2021-08-11,JNJ,-0.06352464305617249
2021-08-11,MRNA,-5.528217848734636
2021-08-11,PFE,-1.4312931449783124
2021-08-12,AZN,0.4545559944581703
2021-08-12,JNJ,0.21162133737778527
2021-08-12,MRNA,0.4821180843362376
2021-08-12,PFE,0.6314236470464176
2021-08-13,AZN,0.5500736825305318
2021-08-13,JNJ,0.13964319592164356
2021-08-13,MRNA,-0.21580045704458517
2021-08-13,PFE,0.8466819589045791
2021-08-16,AZN,0.09160666166777662
2021-08-16,JNJ,0.24534148288383667
2021-08-16,MRNA,-1.4952159441225685
2021-08-16,PFE,0.2400484238053352
2021-08-17,AZN,0.2869310297437897
2021-08-17,JNJ,0.25037714286568447
2021-08-17,MRNA,2.5446747149728295
2021-08-17,PFE,1.0080882087201082
2021-08-18,AZN,-0.0166191049681767
2021-08-18,JNJ,-0.5129929835702937
2021-08-18,MRNA,-0.335342042165807
2021-08-18,PFE,-0.8379982206136932
2021-08-19,AZN,-0.21636066144991792
2021-08-19,JNJ,0.2023020541325912
2021-08-19,MRNA,-2.1062892079056734
2021-08-19,PFE,-0.43056908069157857
2021-08-20,AZN,0.048393151342552065
2021-08-20,JNJ,0.10051021711412425
2021-08-20,MRNA,0.6229266805335004
2021-08-20,PFE,-0.12677295219447443
2021-08-23,AZN,-0.41631376395416364
2021-08-23,JNJ,-0.4255310053105094
2021-08-23,MRNA,2.5653605986046597
2021-08-23,PFE,0.7973554018399148
2021-08-24,AZN,-0.23576752688041075
2021-08-24,JNJ,-0.5058451411512324
2021-08-24,MRNA,-1.505974208692302
2021-08-24,PFE,-1.153138712399376
2021-08-25,AZN,-0.0337625101119996
2021-08-25,JNJ,-0.30040999741736163
2021-08-25,MRNA,0.18940790653821804
2021-08-25,PFE,-0.6972439776765859
2021-08-26,AZN,0.037704103198999014
2021-08-26,JNJ,-0.2558684648656308
2021-08-26,MRNA,0.14363540475833025
2021-08-26,PFE,-0.16506156938800326
2021-08-27,AZN,-0.1467753857568599
2021-08-27,JNJ,-0.14407497613913908
2021-08-27,MRNA,-1.6460975573680787
2021-08-27,PFE,-0.6441877735462888
2021-08-30,AZN,-0.08145784893845057
2021-08-30,JNJ,0.07779797738250188
2021-08-30,MRNA,-1.1225060608652315
2021-08-30,PFE,0.05029645288275945
2021-08-31,AZN,-0.26608414188082213
2021-08-31,JNJ,-0.17608035045488257
2021-08-31,MRNA,0.4954309234872497
2021-08-31,PFE,-0.584623590364358
2021-09-01,AZN,0.19397743422730873
2021-09-01,JNJ,0.053434023932757264
2021-09-01,MRNA,1.1582440472605646
2021-09-01,PFE,-0.0922806762450507
2021-09-02,AZN,0.4476119364461601
2021-09-02,JNJ,0.16952805255107106
2021-09-02,MRNA,0.6215056616208162
2021-09-02,PFE,0.5369741785455713
2021-09-03,AZN,-0.5147293460928664
2021-09-03,JNJ,-0.04760141284502361
2021-09-03,MRNA,1.6017285809520434
2021-09-03,PFE,-0.06955080048435662
2021-09-07,AZN,-0.3306153172104427
2021-09-07,JNJ,-0.6119582166031232
2021-09-07,MRNA,1.5798121512196543
2021-09-07,PFE,-0.13661946250155788
2021-09-08,AZN,-0.8586461345653202
2021-09-08,JNJ,-0.15462691044334076
2021-09-08,MRNA,-1.1485749857484449
2021-09-08,PFE,-0.24874487557229977
2021-09-09,AZN,-0.5466193090470756
2021-09-09,JNJ,-0.8472594278278732
2021-09-09,MRNA,2.6558689776559836
2021-09-09,PFE,-0.429788298242313
2021-09-10,AZN,-0.08815384500905381
2021-09-10,JNJ,-0.2980036106080495
2021-09-10,MRNA,-0.5702571788672903
2021-09-10,PFE,-0.4032120109774188
2021-09-13,AZN,-0.2556804443334779
2021-09-13,JNJ,-0.31414234193198753
2021-09-13,MRNA,-2.3733860891720786
2021-09-13,PFE,-0.8428468669156819
2021-09-14,AZN,-0.06955080048435662
2021-09-14,JNJ,-0.28007862040698633
2021-09-14,MRNA,0.5949280073397759
2021-09-14,PFE,0.032237369785104164
2021-09-15,AZN,0.2360907496613652
2021-09-15,JNJ,0.06176848214164807
2021-09-15,MRNA,0.4813182689000672
2021-09-15,PFE,-0.02270824283303658
2021-09-16,AZN,0.02320078288988596
2021-09-16,JNJ,-0.11175308865165208
2021-09-16,MRNA,0.42776799213691064
2021-09-16,PFE,-0.3034497007066444
2021-09-17,AZN,-0.7109241758359316
2021-09-17,JNJ,-0.1688462301859122
2021-09-17,MRNA,-0.909215915558963
2021-09-17,PFE,-0.5248059674517475
